Date,ts_code,Open,High,Low,Close,pre_close,change,pct_chg,vol,Volume
2020-01-02,000014.SZ,9.38,9.48,9.37,9.42,9.31,0.11,1.1815,23834.12,22421.411
2020-01-03,000014.SZ,9.41,9.45,9.35,9.42,9.42,0.0,0.0,14183.58,13330.049
2020-01-06,000014.SZ,9.36,9.45,9.2,9.34,9.42,-0.08,-0.8493,22953.37,21438.619
2020-01-07,000014.SZ,9.34,10.09,9.33,9.99,9.34,0.65,6.9593,94994.9,93167.457
2020-01-08,000014.SZ,9.82,9.93,9.62,9.74,9.99,-0.25,-2.5025,45416.85,44303.446
2020-01-09,000014.SZ,9.74,9.82,9.66,9.69,9.74,-0.05,-0.5133,21882.28,21251.107
2020-01-10,000014.SZ,9.69,9.96,9.65,9.71,9.69,0.02,0.2064,24831.11,24364.627
2020-01-13,000014.SZ,9.71,9.76,9.61,9.74,9.71,0.03,0.309,14524.74,14071.55
2020-01-14,000014.SZ,9.78,9.87,9.71,9.71,9.74,-0.03,-0.308,17396.41,17017.671
2020-01-15,000014.SZ,9.73,9.78,9.58,9.62,9.71,-0.09,-0.9269,12490.0,12033.005
2020-01-16,000014.SZ,9.62,9.63,9.46,9.47,9.62,-0.15,-1.5593,14018.0,13350.271
2020-01-17,000014.SZ,9.47,9.6,9.41,9.42,9.47,-0.05,-0.528,11787.49,11150.142
2020-01-20,000014.SZ,9.42,9.48,9.37,9.44,9.42,0.02,0.2123,10280.0,9683.439
2020-01-21,000014.SZ,9.42,9.43,9.32,9.33,9.44,-0.11,-1.1653,10953.01,10255.693
2020-01-22,000014.SZ,9.35,9.43,9.21,9.37,9.33,0.04,0.4287,10827.02,10098.699
2020-01-23,000014.SZ,9.36,9.46,9.06,9.12,9.37,-0.25,-2.6681,22776.0,20973.937
2020-02-03,000014.SZ,8.21,8.21,8.21,8.21,9.12,-0.91,-9.9781,8928.0,7329.888
2020-02-04,000014.SZ,7.39,8.0,7.39,7.9,8.21,-0.31,-3.7759,29994.37,23450.34
2020-02-05,000014.SZ,7.88,8.23,7.85,8.06,7.9,0.16,2.0253,20407.31,16464.916
2020-02-06,000014.SZ,8.06,8.14,7.99,8.08,8.06,0.02,0.2481,24460.34,19712.894
2020-02-07,000014.SZ,8.03,8.1,7.95,8.09,8.08,0.01,0.1238,21265.02,17080.328
2020-02-10,000014.SZ,8.06,8.25,7.93,8.23,8.09,0.14,1.7305,18829.6,15321.869
2020-02-11,000014.SZ,8.25,8.48,8.25,8.41,8.23,0.18,2.1871,24861.59,20864.856
2020-02-12,000014.SZ,8.41,8.42,8.31,8.41,8.41,0.0,0.0,19850.79,16629.185
2020-02-13,000014.SZ,8.39,8.58,8.31,8.35,8.41,-0.06,-0.7134,21149.01,17768.081
2020-02-14,000014.SZ,8.36,8.44,8.31,8.39,8.35,0.04,0.479,16472.01,13780.744
2020-02-17,000014.SZ,8.39,8.57,8.31,8.56,8.39,0.17,2.0262,25029.03,21254.059
2020-02-18,000014.SZ,8.58,8.58,8.45,8.58,8.56,0.02,0.2336,19639.88,16752.703
2020-02-19,000014.SZ,8.51,8.7,8.5,8.54,8.58,-0.04,-0.4662,17086.3,14698.873
2020-02-20,000014.SZ,8.54,8.62,8.5,8.61,8.54,0.07,0.8197,30084.2,25755.785
2020-02-21,000014.SZ,8.62,8.67,8.56,8.64,8.61,0.03,0.3484,25056.13,21569.676
2020-02-24,000014.SZ,8.61,8.63,8.41,8.56,8.64,-0.08,-0.9259,28022.01,23851.83
2020-02-25,000014.SZ,8.43,8.44,8.16,8.39,8.56,-0.17,-1.986,27545.07,22925.386
2020-02-26,000014.SZ,8.26,8.62,8.24,8.47,8.39,0.08,0.9535,35786.32,30533.224
2020-02-27,000014.SZ,8.48,8.58,8.4,8.52,8.47,0.05,0.5903,28962.54,24612.438
2020-02-28,000014.SZ,8.4,8.45,8.13,8.16,8.52,-0.36,-4.2254,27916.99,23092.447
2020-03-02,000014.SZ,8.11,8.46,8.11,8.43,8.16,0.27,3.3088,23483.43,19673.696
2020-03-03,000014.SZ,8.48,8.87,8.43,8.79,8.43,0.36,4.2705,49694.98,42827.688
2020-03-04,000014.SZ,8.66,8.99,8.56,8.86,8.79,0.07,0.7964,59399.96,52011.325
2020-03-05,000014.SZ,8.84,8.93,8.7,8.85,8.86,-0.01,-0.1129,42385.1,37400.927
2020-03-06,000014.SZ,8.75,8.84,8.62,8.78,8.85,-0.07,-0.791,32312.06,28221.202
2020-03-09,000014.SZ,8.65,8.7,8.35,8.37,8.78,-0.41,-4.6697,35708.0,30384.504
2020-03-10,000014.SZ,8.25,8.5,8.17,8.47,8.37,0.1,1.1947,30177.02,25189.114
2020-03-11,000014.SZ,8.47,8.66,8.42,8.58,8.47,0.11,1.2987,30512.74,26134.496
2020-03-12,000014.SZ,8.4,8.47,8.28,8.35,8.58,-0.23,-2.6807,25638.71,21433.904
2020-03-13,000014.SZ,7.96,8.36,7.86,8.2,8.35,-0.15,-1.7964,30113.05,24361.522
2020-03-16,000014.SZ,8.2,8.48,8.06,8.15,8.2,-0.05,-0.6098,26551.15,21889.596
2020-03-17,000014.SZ,8.18,8.2,7.77,8.0,8.15,-0.15,-1.8405,23704.38,18884.335
2020-03-18,000014.SZ,8.11,8.15,7.88,7.89,8.0,-0.11,-1.375,17827.0,14331.939
2020-03-19,000014.SZ,7.89,7.93,7.75,7.92,7.89,0.03,0.3802,16495.03,12919.626
2020-03-20,000014.SZ,7.98,8.05,7.89,8.04,7.92,0.12,1.5152,10956.02,8733.486
2020-03-23,000014.SZ,7.95,7.96,7.78,7.9,8.04,-0.14,-1.7413,17254.01,13627.009
2020-03-24,000014.SZ,7.98,8.03,7.87,8.02,7.9,0.12,1.519,10943.0,8721.815
2020-03-25,000014.SZ,8.12,8.3,8.04,8.18,8.02,0.16,1.995,26032.4,21245.695
2020-03-26,000014.SZ,8.11,8.17,7.99,8.01,8.18,-0.17,-2.0782,18823.01,15179.806
2020-03-27,000014.SZ,8.1,8.14,8.02,8.04,8.01,0.03,0.3745,15777.39,12762.574
2020-03-30,000014.SZ,8.0,8.0,7.72,7.83,8.04,-0.21,-2.6119,18078.3,14089.774
2020-03-31,000014.SZ,7.9,7.93,7.81,7.82,7.83,-0.01,-0.1277,11424.02,8997.49
2020-04-01,000014.SZ,7.85,7.89,7.78,7.79,7.82,-0.03,-0.3836,10047.0,7872.879
2020-04-02,000014.SZ,7.78,7.87,7.7,7.87,7.79,0.08,1.027,10147.05,7908.788
2020-04-03,000014.SZ,7.85,8.66,7.81,8.41,7.87,0.54,6.8615,63112.57,52150.106
2020-04-07,000014.SZ,8.26,8.42,8.2,8.32,8.41,-0.09,-1.0702,47523.17,39464.132
2020-04-08,000014.SZ,8.28,8.33,8.15,8.26,8.32,-0.06,-0.7212,26048.07,21436.529
2020-04-09,000014.SZ,8.28,8.41,8.25,8.32,8.26,0.06,0.7264,29477.11,24534.965
2020-04-10,000014.SZ,8.32,8.35,8.14,8.18,8.32,-0.14,-1.6827,27780.46,22841.816
2020-04-13,000014.SZ,8.2,8.26,8.14,8.14,8.18,-0.04,-0.489,16425.95,13467.297
2020-04-14,000014.SZ,8.15,8.24,8.14,8.19,8.14,0.05,0.6143,18429.0,15085.854
2020-04-15,000014.SZ,8.19,8.25,8.1,8.12,8.19,-0.07,-0.8547,14537.0,11884.226
2020-04-16,000014.SZ,8.12,8.29,8.06,8.22,8.12,0.1,1.2315,19665.1,16088.222
2020-04-17,000014.SZ,8.25,8.34,8.2,8.22,8.22,0.0,0.0,21905.0,18077.319
2020-04-20,000014.SZ,8.23,8.34,8.14,8.3,8.22,0.08,0.9732,22633.66,18668.616
2020-04-21,000014.SZ,8.27,8.52,8.2,8.46,8.3,0.16,1.9277,35505.07,29688.756
2020-04-22,000014.SZ,8.37,8.75,8.35,8.61,8.46,0.15,1.773,56175.85,48238.714
2020-04-23,000014.SZ,8.62,8.65,8.44,8.5,8.61,-0.11,-1.2776,32847.0,27991.069
2020-04-24,000014.SZ,8.5,8.54,8.31,8.36,8.5,-0.14,-1.6471,21431.37,17986.354
2020-04-27,000014.SZ,8.35,8.68,8.3,8.56,8.36,0.2,2.3923,40392.35,34386.585
2020-04-28,000014.SZ,8.51,8.51,7.93,8.14,8.56,-0.42,-4.9065,38736.32,31791.674
2020-04-29,000014.SZ,8.14,8.23,8.05,8.07,8.14,-0.07,-0.86,18778.44,15256.35
2020-04-30,000014.SZ,8.11,8.47,8.07,8.29,8.07,0.22,2.7261,32350.35,26773.807
2020-05-06,000014.SZ,8.21,8.33,8.13,8.3,8.29,0.01,0.1206,25314.06,20821.58
2020-05-07,000014.SZ,8.25,8.29,8.2,8.26,8.3,-0.04,-0.4819,15166.42,12515.921
2020-05-08,000014.SZ,8.28,8.48,8.25,8.44,8.26,0.18,2.1792,26619.0,22290.999
2020-05-11,000014.SZ,8.44,8.49,8.35,8.45,8.44,0.01,0.1185,17726.0,14913.966
2020-05-12,000014.SZ,8.48,8.48,8.23,8.33,8.45,-0.12,-1.4201,18857.42,15688.442
2020-05-13,000014.SZ,8.32,8.43,8.24,8.43,8.33,0.1,1.2005,12040.33,10047.47
2020-05-14,000014.SZ,8.4,8.51,8.31,8.5,8.43,0.07,0.8304,22274.35,18747.383
2020-05-15,000014.SZ,8.95,8.95,8.5,8.52,8.5,0.02,0.2353,71872.45,62989.84
2020-05-18,000014.SZ,8.42,8.52,8.26,8.3,8.52,-0.22,-2.5822,35513.91,29602.185
2020-05-19,000014.SZ,8.34,8.39,8.26,8.34,8.3,0.04,0.4819,22313.0,18567.384
2020-05-20,000014.SZ,8.32,8.34,8.19,8.21,8.34,-0.13,-1.5588,17958.11,14827.787
2020-05-21,000014.SZ,8.19,8.49,8.19,8.37,8.21,0.16,1.9488,27944.41,23305.541
2020-05-22,000014.SZ,8.32,8.37,8.16,8.2,8.37,-0.17,-2.0311,19715.0,16253.645
2020-05-25,000014.SZ,8.15,8.28,8.11,8.21,8.2,0.01,0.122,10081.27,8272.234
2020-05-26,000014.SZ,8.25,8.64,8.2,8.59,8.21,0.38,4.6285,55742.33,47376.595
2020-05-27,000014.SZ,8.59,8.64,8.48,8.59,8.59,0.0,0.0,35168.92,30105.188
2020-05-28,000014.SZ,8.58,8.69,8.48,8.61,8.59,0.02,0.2328,31708.0,27263.422
2020-05-29,000014.SZ,8.58,8.85,8.52,8.66,8.61,0.05,0.5807,47088.15,41052.255
2020-06-01,000014.SZ,8.71,8.85,8.67,8.81,8.66,0.15,1.7321,43633.9,38360.705
2020-06-02,000014.SZ,8.9,9.5,8.82,9.23,8.81,0.42,4.7673,100874.56,93119.427
2020-06-03,000014.SZ,9.17,9.49,9.09,9.24,9.23,0.01,0.1083,81861.39,75983.112
2020-06-04,000014.SZ,9.25,9.5,9.18,9.37,9.24,0.13,1.4069,54610.21,51127.73
2020-06-05,000014.SZ,9.37,9.37,9.12,9.18,9.37,-0.19,-2.0277,38485.0,35499.937
2020-06-08,000014.SZ,9.21,9.34,9.05,9.06,9.18,-0.12,-1.3072,42731.0,39029.297
2020-06-09,000014.SZ,9.12,9.19,8.99,9.04,9.06,-0.02,-0.2208,25502.0,23115.878
2020-06-10,000014.SZ,9.05,9.41,8.92,9.37,9.04,0.33,3.6504,43717.03,40037.928
2020-06-11,000014.SZ,9.1,9.4,9.1,9.2,9.36,-0.16,-1.7094,40865.93,37859.506
2020-06-12,000014.SZ,8.96,9.78,8.92,9.59,9.2,0.39,4.2391,72599.26,68558.506
2020-06-15,000014.SZ,9.61,10.28,9.61,10.11,9.59,0.52,5.4223,117209.66,117480.448
2020-06-16,000014.SZ,10.07,10.63,9.98,10.47,10.11,0.36,3.5608,110403.76,113416.319
2020-06-17,000014.SZ,10.36,11.28,10.14,10.74,10.47,0.27,2.5788,121482.0,128590.116
2020-06-18,000014.SZ,10.71,11.17,10.39,10.41,10.74,-0.33,-3.0726,89396.12,95461.282
2020-06-19,000014.SZ,10.29,10.5,10.23,10.29,10.41,-0.12,-1.1527,52602.06,54419.627
2020-06-22,000014.SZ,10.49,10.51,10.08,10.26,10.29,-0.03,-0.2915,43647.94,44822.914
2020-06-23,000014.SZ,10.21,10.4,10.13,10.2,10.26,-0.06,-0.5848,45347.0,46341.196
2020-06-24,000014.SZ,10.21,10.28,10.03,10.16,10.2,-0.04,-0.3922,38733.21,39279.509
2020-06-29,000014.SZ,10.03,10.8,9.14,10.69,10.16,0.53,5.2165,104589.58,109229.965
2020-06-30,000014.SZ,10.8,11.22,10.69,10.82,10.69,0.13,1.2161,82865.91,89981.098
2020-07-01,000014.SZ,10.82,11.69,10.7,11.62,10.82,0.8,7.3937,138337.62,156748.214
2020-07-02,000014.SZ,11.52,11.79,11.18,11.19,11.62,-0.43,-3.7005,108038.64,123642.387
2020-07-03,000014.SZ,11.3,11.3,10.91,10.93,11.19,-0.26,-2.3235,66558.18,73549.91
2020-07-06,000014.SZ,10.99,11.53,10.8,11.48,10.93,0.55,5.032,101224.98,113801.788
2020-07-07,000014.SZ,11.55,11.98,11.1,11.31,11.48,-0.17,-1.4808,114611.25,131302.388
2020-07-08,000014.SZ,11.19,11.25,11.0,11.25,11.31,-0.06,-0.5305,82783.17,92157.358
2020-07-09,000014.SZ,11.24,11.53,11.09,11.26,11.25,0.01,0.0889,97063.83,109951.595
2020-07-10,000014.SZ,11.26,12.39,11.1,12.39,11.26,1.13,10.0355,155060.03,187059.801
2020-07-13,000014.SZ,12.52,13.63,12.39,13.63,12.39,1.24,10.0081,158190.9,205943.134
2020-07-14,000014.SZ,13.98,14.85,13.23,14.39,13.63,0.76,5.5759,310119.0,434931.801
2020-07-15,000014.SZ,13.99,13.99,12.95,12.95,14.39,-1.44,-10.0069,180659.38,240776.444
2020-07-16,000014.SZ,12.34,12.65,11.66,11.67,12.95,-1.28,-9.8842,151789.19,184317.474
2020-07-17,000014.SZ,11.63,12.0,11.35,11.84,11.67,0.17,1.4567,78221.04,91693.673
2020-07-20,000014.SZ,11.85,12.49,11.68,12.45,11.84,0.61,5.152,91038.89,110858.775
2020-07-21,000014.SZ,12.35,13.69,12.28,13.47,12.45,1.02,8.1928,142330.73,184733.231
2020-07-22,000014.SZ,13.25,14.01,12.79,13.38,13.47,-0.09,-0.6682,160768.58,216106.943
2020-07-23,000014.SZ,13.04,13.5,12.82,13.12,13.38,-0.26,-1.9432,101233.48,133495.066
2020-07-24,000014.SZ,13.17,13.86,12.68,12.85,13.12,-0.27,-2.0579,139325.88,185459.148
2020-07-27,000014.SZ,12.87,13.18,12.22,12.52,12.85,-0.33,-2.5681,85069.91,107999.05
2020-07-28,000014.SZ,12.63,12.85,12.28,12.55,12.52,0.03,0.2396,70539.91,88412.242
2020-07-29,000014.SZ,12.45,13.26,12.33,13.18,12.55,0.63,5.0199,112525.73,146082.619
2020-07-30,000014.SZ,13.16,13.5,12.95,13.34,13.18,0.16,1.214,126083.02,166725.225
2020-07-31,000014.SZ,13.34,13.66,12.95,13.4,13.34,0.06,0.4498,130851.05,174157.896
2020-08-03,000014.SZ,13.48,14.59,13.48,14.25,13.4,0.85,6.3433,184435.97,259250.128
2020-08-04,000014.SZ,14.2,14.81,13.73,13.86,14.25,-0.39,-2.7368,196135.62,279234.513
2020-08-05,000014.SZ,13.71,13.8,13.01,13.7,13.86,-0.16,-1.1544,117698.57,158522.427
2020-08-06,000014.SZ,13.57,13.75,13.18,13.38,13.7,-0.32,-2.3358,79288.34,106290.355
2020-08-07,000014.SZ,13.3,13.44,12.78,13.0,13.38,-0.38,-2.8401,70990.26,93032.791
2020-08-10,000014.SZ,12.87,13.8,12.6,13.45,13.0,0.45,3.4615,80586.27,107495.474
2020-08-11,000014.SZ,13.47,13.67,12.67,12.71,13.45,-0.74,-5.5019,77498.3,102013.223
2020-08-12,000014.SZ,12.74,13.17,12.56,12.99,12.71,0.28,2.203,69701.79,90065.088
2020-08-13,000014.SZ,12.92,12.94,12.66,12.75,12.99,-0.24,-1.8476,38816.37,49631.762
2020-08-14,000014.SZ,12.68,12.7,12.2,12.42,12.75,-0.33,-2.5882,58063.76,71779.967
2020-08-17,000014.SZ,12.3,12.78,12.27,12.68,12.42,0.26,2.0934,48722.2,61280.19
2020-08-18,000014.SZ,12.76,12.94,12.5,12.89,12.68,0.21,1.6562,58549.55,74534.266
2020-08-19,000014.SZ,12.86,12.93,12.38,12.45,12.89,-0.44,-3.4135,43638.08,55339.477
2020-08-20,000014.SZ,12.29,12.5,11.79,11.87,12.45,-0.58,-4.6586,64503.58,77967.767
2020-08-21,000014.SZ,11.95,12.63,11.93,12.29,11.87,0.42,3.5383,81183.09,100249.63
2020-08-24,000014.SZ,12.49,12.49,11.88,12.17,12.29,-0.12,-0.9764,44458.76,53536.787
2020-08-25,000014.SZ,12.12,12.36,11.95,11.96,12.17,-0.21,-1.7256,36737.01,44297.948
2020-08-26,000014.SZ,11.97,12.09,11.0,11.19,11.96,-0.77,-6.4381,81310.06,93020.202
2020-08-27,000014.SZ,11.12,11.39,11.01,11.17,11.19,-0.02,-0.1787,47085.0,52528.046
2020-08-28,000014.SZ,11.21,11.32,10.9,11.25,11.17,0.08,0.7162,36942.0,41130.077
2020-08-31,000014.SZ,11.19,11.41,11.06,11.08,11.25,-0.17,-1.5111,42058.77,47043.399
2020-09-01,000014.SZ,11.05,11.17,10.93,11.02,11.08,-0.06,-0.5415,30280.5,33346.199
2020-09-02,000014.SZ,11.07,11.09,10.69,11.09,11.02,0.07,0.6352,41199.0,44958.796
2020-09-03,000014.SZ,10.99,11.05,10.74,10.78,11.09,-0.31,-2.7953,31254.0,33917.036
2020-09-04,000014.SZ,10.72,10.88,10.49,10.73,10.78,-0.05,-0.4638,25149.02,26839.552
2020-09-07,000014.SZ,10.78,10.99,10.52,10.58,10.73,-0.15,-1.3979,34223.89,36902.339
2020-09-08,000014.SZ,10.68,10.75,10.34,10.56,10.58,-0.02,-0.189,34770.68,36655.696
2020-09-09,000014.SZ,10.47,10.54,10.2,10.3,10.56,-0.26,-2.4621,40606.01,42089.227
2020-09-10,000014.SZ,10.35,10.48,10.06,10.07,10.3,-0.23,-2.233,35388.0,36221.645
2020-09-11,000014.SZ,10.18,10.42,10.07,10.38,10.07,0.31,3.0785,32847.86,33853.626
2020-09-14,000014.SZ,10.46,10.46,10.13,10.26,10.38,-0.12,-1.1561,27092.01,27777.853
2020-09-15,000014.SZ,10.28,10.44,10.14,10.32,10.26,0.06,0.5848,27999.01,28739.397
2020-09-16,000014.SZ,10.32,10.33,10.11,10.18,10.32,-0.14,-1.3566,21989.01,22369.507
2020-09-17,000014.SZ,10.18,10.29,10.02,10.18,10.18,0.0,0.0,24689.58,25050.084
2020-09-18,000014.SZ,10.18,11.2,10.13,11.2,10.18,1.02,10.0196,75869.15,82032.295
2020-09-21,000014.SZ,11.31,11.63,10.82,11.05,11.2,-0.15,-1.3393,107908.97,120658.303
2020-09-22,000014.SZ,10.98,11.03,10.7,10.71,11.05,-0.34,-3.0769,58138.67,63081.242
2020-09-23,000014.SZ,10.76,11.29,10.73,10.91,10.71,0.2,1.8674,82088.37,90032.292
2020-09-24,000014.SZ,10.79,11.05,10.73,10.74,10.91,-0.17,-1.5582,50253.66,54658.32
2020-09-25,000014.SZ,10.82,10.9,10.52,10.61,10.74,-0.13,-1.2104,32757.12,34954.749
2020-09-28,000014.SZ,10.73,10.9,10.13,10.17,10.61,-0.44,-4.147,43280.01,45341.776
2020-09-29,000014.SZ,10.16,10.5,10.05,10.37,10.17,0.2,1.9666,37231.94,38490.675
2020-09-30,000014.SZ,10.49,10.65,10.27,10.49,10.37,0.12,1.1572,35124.0,36835.557
2020-10-09,000014.SZ,10.62,11.35,10.61,11.02,10.49,0.53,5.0524,88334.13,97348.363
2020-10-12,000014.SZ,11.8,11.81,11.29,11.57,11.02,0.55,4.9909,140928.4,162734.801
2020-10-13,000014.SZ,11.6,11.6,11.13,11.41,11.57,-0.16,-1.3829,80808.13,91659.942
2020-10-14,000014.SZ,11.41,11.49,10.8,10.81,11.41,-0.6,-5.2585,89461.0,98438.85
2020-10-15,000014.SZ,10.86,10.86,10.4,10.42,10.81,-0.39,-3.6078,53421.06,56340.267
2020-10-16,000014.SZ,10.39,10.46,10.3,10.4,10.42,-0.02,-0.1919,35128.56,36483.02
2020-10-19,000014.SZ,10.51,10.69,10.33,10.4,10.4,0.0,0.0,41455.96,43550.209
2020-10-20,000014.SZ,10.35,10.44,10.2,10.42,10.4,0.02,0.1923,24872.02,25663.875
2020-10-21,000014.SZ,10.42,10.44,10.16,10.18,10.42,-0.24,-2.3033,26886.39,27498.656
2020-10-22,000014.SZ,10.19,10.27,10.06,10.25,10.18,0.07,0.6876,17539.42,17869.856
2020-10-23,000014.SZ,10.2,10.3,10.1,10.12,10.25,-0.13,-1.2683,19407.0,19757.942
2020-10-26,000014.SZ,10.13,10.15,9.86,9.92,10.12,-0.2,-1.9763,28285.0,28152.748
2020-10-27,000014.SZ,9.92,9.92,9.77,9.82,9.92,-0.1,-1.0081,19434.0,19097.998
2020-10-28,000014.SZ,9.9,9.9,9.5,9.69,9.82,-0.13,-1.3238,30241.0,29068.347
2020-10-29,000014.SZ,9.57,9.7,9.5,9.6,9.69,-0.09,-0.9288,21574.47,20728.917
2020-10-30,000014.SZ,9.64,9.64,9.22,9.27,9.6,-0.33,-3.4375,29505.04,27668.732
2020-11-02,000014.SZ,9.26,9.38,9.19,9.23,9.27,-0.04,-0.4315,17920.75,16592.017
2020-11-03,000014.SZ,9.31,9.56,9.08,9.44,9.23,0.21,2.2752,22434.0,21134.285
2020-11-04,000014.SZ,9.44,9.49,9.27,9.35,9.44,-0.09,-0.9534,14235.67,13335.211
2020-11-05,000014.SZ,9.39,9.63,9.39,9.59,9.35,0.24,2.5668,23744.73,22647.473
2020-11-06,000014.SZ,9.59,9.65,9.4,9.46,9.59,-0.13,-1.3556,25153.02,23805.825
2020-11-09,000014.SZ,9.46,9.83,9.46,9.77,9.46,0.31,3.277,36740.82,35646.323
2020-11-10,000014.SZ,9.77,9.78,9.4,9.5,9.77,-0.27,-2.7636,39315.0,37595.628
2020-11-11,000014.SZ,9.53,9.53,9.33,9.42,9.5,-0.08,-0.8421,23676.0,22263.686
2020-11-12,000014.SZ,9.4,9.44,9.26,9.28,9.42,-0.14,-1.4862,18773.01,17507.043
2020-11-13,000014.SZ,9.3,9.43,9.18,9.36,9.28,0.08,0.8621,31337.03,29147.146
2020-11-16,000014.SZ,9.64,9.64,9.22,9.41,9.36,0.05,0.5342,36799.0,34394.983
2020-11-17,000014.SZ,9.41,9.5,9.29,9.38,9.41,-0.03,-0.3188,24352.02,22851.959
2020-11-18,000014.SZ,9.37,9.55,9.34,9.43,9.38,0.05,0.533,26582.0,25167.257
2020-11-19,000014.SZ,9.39,9.5,9.37,9.4,9.43,-0.03,-0.3181,18936.0,17853.882
2020-11-20,000014.SZ,9.39,9.39,9.26,9.34,9.4,-0.06,-0.6383,18791.57,17487.16
2020-11-23,000014.SZ,9.33,9.38,9.26,9.33,9.34,-0.01,-0.1071,20805.0,19368.583
2020-11-24,000014.SZ,9.3,9.37,9.28,9.28,9.33,-0.05,-0.5359,15874.0,14794.28
2020-11-25,000014.SZ,9.31,9.35,9.16,9.17,9.28,-0.11,-1.1853,20805.02,19245.094
2020-11-26,000014.SZ,9.18,9.21,9.07,9.12,9.17,-0.05,-0.5453,14946.0,13632.857
2020-11-27,000014.SZ,9.11,9.18,9.08,9.18,9.12,0.06,0.6579,12465.0,11364.367
2020-11-30,000014.SZ,9.19,9.37,9.19,9.27,9.18,0.09,0.9804,25554.0,23777.678
2020-12-01,000014.SZ,9.24,9.43,9.18,9.4,9.27,0.13,1.4024,27174.84,25371.773
2020-12-02,000014.SZ,9.44,9.44,9.32,9.36,9.4,-0.04,-0.4255,18348.01,17212.06
2020-12-03,000014.SZ,9.34,9.36,9.2,9.3,9.36,-0.06,-0.641,19342.25,17966.67
2020-12-04,000014.SZ,9.3,9.32,9.17,9.21,9.3,-0.09,-0.9677,23502.05,21662.684
2020-12-07,000014.SZ,9.19,9.23,9.11,9.12,9.21,-0.09,-0.9772,18478.26,16910.169
2020-12-08,000014.SZ,9.12,9.16,9.1,9.13,9.12,0.01,0.1096,12190.19,11124.528
2020-12-09,000014.SZ,9.13,9.14,8.84,8.87,9.13,-0.26,-2.8478,21383.8,19218.396
2020-12-10,000014.SZ,8.87,8.93,8.75,8.82,8.87,-0.05,-0.5637,20701.4,18279.935
2020-12-11,000014.SZ,8.81,8.87,8.46,8.57,8.82,-0.25,-2.8345,26918.0,23185.041
2020-12-14,000014.SZ,8.56,8.7,8.46,8.6,8.57,0.03,0.3501,14972.0,12827.542
2020-12-15,000014.SZ,8.5,8.54,8.43,8.48,8.6,-0.12,-1.3953,16199.17,13754.907
2020-12-16,000014.SZ,8.53,8.53,8.27,8.3,8.48,-0.18,-2.1226,16421.0,13713.387
2020-12-17,000014.SZ,8.24,8.4,8.13,8.38,8.3,0.08,0.9639,17384.0,14370.757
2020-12-18,000014.SZ,8.4,8.48,8.28,8.34,8.38,-0.04,-0.4773,15027.01,12556.226
2020-12-21,000014.SZ,8.38,8.44,8.2,8.39,8.34,0.05,0.5995,14696.01,12260.651
2020-12-22,000014.SZ,8.38,8.38,8.15,8.19,8.39,-0.2,-2.3838,15732.0,12981.621
2020-12-23,000014.SZ,8.14,8.26,8.11,8.21,8.19,0.02,0.2442,18805.0,15389.429
2020-12-24,000014.SZ,8.2,8.26,8.02,8.03,8.21,-0.18,-2.1924,19384.0,15724.381
2020-12-25,000014.SZ,8.03,8.26,7.98,8.14,8.03,0.11,1.3699,16446.9,13379.87
2020-12-28,000014.SZ,8.14,8.2,8.0,8.08,8.14,-0.06,-0.7371,14161.0,11438.773
2020-12-29,000014.SZ,8.07,8.27,8.05,8.19,8.08,0.11,1.3614,16538.19,13557.554
2020-12-30,000014.SZ,8.19,8.28,8.11,8.21,8.19,0.02,0.2442,12992.22,10658.559
2020-12-31,000014.SZ,8.26,8.32,8.19,8.28,8.21,0.07,0.8526,13038.39,10771.712
2021-01-04,000014.SZ,8.27,8.27,8.13,8.25,8.28,-0.03,-0.3623,16433.77,13467.874
2021-01-05,000014.SZ,8.23,8.23,8.06,8.21,8.25,-0.04,-0.4848,23588.39,19185.642
2021-01-06,000014.SZ,8.13,8.17,8.05,8.1,8.21,-0.11,-1.3398,21947.0,17755.798
2021-01-07,000014.SZ,8.09,8.1,7.76,7.8,8.1,-0.3,-3.7037,36624.98,28944.579
2021-01-08,000014.SZ,7.76,7.94,7.54,7.85,7.8,0.05,0.641,17679.08,13746.582
2021-01-11,000014.SZ,7.86,7.87,7.59,7.6,7.85,-0.25,-3.1847,17163.01,13192.274
2021-01-12,000014.SZ,7.6,7.75,7.51,7.67,7.6,0.07,0.9211,11845.43,9067.922
2021-01-13,000014.SZ,7.7,7.72,7.45,7.5,7.67,-0.17,-2.2164,19098.88,14362.888
2021-01-14,000014.SZ,7.5,8.1,7.42,7.86,7.5,0.36,4.8,38331.73,29573.89
2021-01-15,000014.SZ,7.74,7.95,7.7,7.78,7.86,-0.08,-1.0178,30433.01,23732.292
2021-01-18,000014.SZ,7.78,8.08,7.68,7.92,7.78,0.14,1.7995,31235.88,24643.351
2021-01-19,000014.SZ,7.9,8.71,7.85,8.71,7.92,0.79,9.9747,125017.11,106647.033
2021-01-20,000014.SZ,8.64,8.64,8.23,8.43,8.71,-0.28,-3.2147,102520.05,85865.042
2021-01-21,000014.SZ,8.3,8.43,8.25,8.29,8.43,-0.14,-1.6607,57068.06,47433.156
2021-01-22,000014.SZ,8.3,8.3,7.99,8.05,8.29,-0.24,-2.8951,46462.89,37429.946
2021-01-25,000014.SZ,7.86,7.89,7.58,7.61,8.05,-0.44,-5.4658,45202.03,34741.352
2021-01-26,000014.SZ,7.59,7.78,7.56,7.64,7.61,0.03,0.3942,22404.0,17195.31
2021-01-27,000014.SZ,7.61,7.86,7.56,7.75,7.64,0.11,1.4398,25027.33,19328.445
2021-01-28,000014.SZ,7.67,7.76,7.59,7.61,7.75,-0.14,-1.8065,17370.03,13292.24
2021-01-29,000014.SZ,7.66,7.69,7.46,7.53,7.61,-0.08,-1.0512,19676.03,14860.75
2021-02-01,000014.SZ,7.39,7.65,7.39,7.53,7.53,0.0,0.0,13987.44,10472.13
2021-02-02,000014.SZ,7.55,7.67,7.46,7.65,7.53,0.12,1.5936,16989.01,12843.704
2021-02-03,000014.SZ,7.65,7.67,7.52,7.61,7.65,-0.04,-0.5229,12450.01,9441.158
2021-02-04,000014.SZ,7.57,7.58,7.2,7.34,7.61,-0.27,-3.548,21857.01,16099.111
2021-02-05,000014.SZ,7.32,7.75,7.32,7.55,7.34,0.21,2.861,24692.01,18602.891
2021-02-08,000014.SZ,7.55,7.63,7.44,7.47,7.55,-0.08,-1.0596,12027.0,9048.247
2021-02-09,000014.SZ,7.48,7.57,7.42,7.51,7.47,0.04,0.5355,10481.94,7860.39
2021-02-10,000014.SZ,7.51,7.75,7.45,7.6,7.51,0.09,1.1984,15053.01,11414.672
2021-02-18,000014.SZ,7.6,7.81,7.6,7.74,7.6,0.14,1.8421,20457.66,15816.072
2021-02-19,000014.SZ,7.7,8.06,7.66,7.99,7.74,0.25,3.23,31614.1,25066.642
2021-02-22,000014.SZ,7.99,8.22,7.95,7.95,7.99,-0.04,-0.5006,39648.02,32034.005
2021-02-23,000014.SZ,7.92,8.02,7.85,7.9,7.95,-0.05,-0.6289,25916.0,20472.972
2021-02-24,000014.SZ,7.9,8.18,7.88,8.09,7.9,0.19,2.4051,42188.18,33876.178
2021-02-25,000014.SZ,8.04,8.57,8.01,8.33,8.09,0.24,2.9666,86728.6,72691.941
2021-02-26,000014.SZ,8.2,8.2,7.94,8.0,8.33,-0.33,-3.9616,51435.42,41421.089
2021-03-01,000014.SZ,7.93,8.12,7.93,8.06,8.0,0.06,0.75,22895.0,18410.443
2021-03-02,000014.SZ,8.08,8.11,7.86,7.92,8.06,-0.14,-1.737,26216.0,20865.919
2021-03-03,000014.SZ,7.88,7.99,7.8,7.99,7.92,0.07,0.8838,20781.03,16445.567
2021-03-04,000014.SZ,7.94,8.02,7.9,7.93,7.99,-0.06,-0.7509,19079.0,15182.192
2021-03-05,000014.SZ,7.92,8.05,7.85,8.02,7.93,0.09,1.1349,18646.85,14892.397
2021-03-08,000014.SZ,8.08,8.23,8.0,8.01,8.02,-0.01,-0.1247,31288.83,25360.871
2021-03-09,000014.SZ,8.01,8.09,7.71,7.9,8.01,-0.11,-1.3733,26577.0,21025.676
2021-03-10,000014.SZ,7.96,7.96,7.71,7.73,7.9,-0.17,-2.1519,19077.0,14841.622
2021-03-11,000014.SZ,7.71,7.85,7.63,7.84,7.73,0.11,1.423,10468.01,8144.717
2021-03-12,000014.SZ,7.86,8.05,7.71,7.86,7.84,0.02,0.2551,17256.0,13605.768
2021-03-15,000014.SZ,7.82,8.14,7.8,8.08,7.86,0.22,2.799,36212.38,29089.775
2021-03-16,000014.SZ,8.08,8.31,8.0,8.28,8.08,0.2,2.4752,45887.2,37662.728
2021-03-17,000014.SZ,8.2,8.62,8.15,8.35,8.28,0.07,0.8454,71089.37,59946.419
2021-03-18,000014.SZ,8.2,8.33,8.13,8.14,8.35,-0.21,-2.515,36421.0,29837.435
2021-03-19,000014.SZ,8.06,8.22,8.05,8.11,8.14,-0.03,-0.3686,20645.01,16768.605
2021-03-22,000014.SZ,8.09,8.25,8.07,8.23,8.11,0.12,1.4797,25472.01,20774.073
2021-03-23,000014.SZ,8.22,8.33,8.1,8.33,8.23,0.1,1.2151,27612.0,22668.813
2021-03-24,000014.SZ,8.3,8.3,8.14,8.17,8.33,-0.16,-1.9208,18112.0,14839.406
2021-03-25,000014.SZ,8.18,8.23,8.11,8.16,8.17,-0.01,-0.1224,13264.0,10852.027
2021-03-26,000014.SZ,8.15,8.2,8.1,8.16,8.16,0.0,0.0,12021.0,9805.756
2021-03-29,000014.SZ,8.16,8.18,8.07,8.17,8.16,0.01,0.1225,15407.73,12505.182
2021-03-30,000014.SZ,8.14,8.16,8.02,8.07,8.17,-0.1,-1.224,15875.8,12806.023
2021-03-31,000014.SZ,8.07,8.1,7.98,8.07,8.07,0.0,0.0,8780.0,7056.272
2021-04-01,000014.SZ,8.03,8.09,7.91,7.97,8.07,-0.1,-1.2392,13526.0,10790.133
2021-04-02,000014.SZ,7.97,8.06,7.9,8.03,7.97,0.06,0.7528,8290.0,6625.448
2021-04-06,000014.SZ,8.04,8.09,8.0,8.05,8.03,0.02,0.2491,8210.0,6607.922
2021-04-07,000014.SZ,8.07,8.27,8.01,8.16,8.05,0.11,1.3665,24588.01,20029.802
2021-04-08,000014.SZ,8.12,8.19,8.01,8.01,8.16,-0.15,-1.8382,14442.0,11669.89
2021-04-09,000014.SZ,8.01,8.06,7.97,7.98,8.01,-0.03,-0.3745,14164.01,11328.356
2021-04-12,000014.SZ,8.04,8.04,7.9,7.92,7.98,-0.06,-0.7519,11072.0,8799.536
2021-04-13,000014.SZ,7.9,7.9,7.81,7.84,7.92,-0.08,-1.0101,12120.0,9504.563
2021-04-14,000014.SZ,7.8,7.87,7.75,7.86,7.84,0.02,0.2551,7466.03,5836.592
2021-04-15,000014.SZ,7.85,7.92,7.81,7.86,7.86,0.0,0.0,11049.02,8683.188
2021-04-16,000014.SZ,7.86,7.98,7.82,7.98,7.86,0.12,1.5267,14118.0,11192.29
2021-04-19,000014.SZ,7.96,8.05,7.91,8.0,7.98,0.02,0.2506,18502.01,14775.382
2021-04-20,000014.SZ,8.01,8.15,7.97,8.12,8.0,0.12,1.5,26706.0,21511.898
2021-04-21,000014.SZ,8.11,8.3,8.08,8.26,8.12,0.14,1.7241,52916.74,43583.059
2021-04-22,000014.SZ,8.26,8.32,8.17,8.25,8.26,-0.01,-0.1211,26600.0,21961.8
2021-04-23,000014.SZ,8.27,8.47,8.22,8.45,8.25,0.2,2.4242,53338.04,44624.186
2021-04-26,000014.SZ,8.41,8.74,8.34,8.44,8.45,-0.01,-0.1183,60485.02,51416.76
2021-04-27,000014.SZ,8.41,8.44,7.91,7.93,8.44,-0.51,-6.0427,77792.18,63177.258
2021-04-28,000014.SZ,7.86,7.96,7.6,7.77,7.93,-0.16,-2.0177,57409.76,44433.385
2021-04-29,000014.SZ,7.74,7.87,7.69,7.78,7.77,0.01,0.1287,13779.76,10710.6
2021-04-30,000014.SZ,7.78,7.83,7.61,7.65,7.78,-0.13,-1.671,20777.0,15945.336
2021-05-06,000014.SZ,7.78,7.85,7.63,7.65,7.65,0.0,0.0,20202.01,15581.275
2021-05-07,000014.SZ,7.65,7.73,7.54,7.72,7.65,0.07,0.915,16533.01,12615.092
2021-05-10,000014.SZ,7.72,7.73,7.64,7.67,7.72,-0.05,-0.6477,9496.01,7286.079
2021-05-11,000014.SZ,7.71,7.76,7.65,7.75,7.67,0.08,1.043,16371.01,12634.663
2021-05-12,000014.SZ,7.81,7.85,7.72,7.81,7.75,0.06,0.7742,13229.0,10302.814
2021-05-13,000014.SZ,7.8,8.0,7.75,7.9,7.81,0.09,1.1524,20586.01,16202.676
2021-05-14,000014.SZ,7.9,7.97,7.84,7.95,7.9,0.05,0.6329,23059.02,18195.398
2021-05-17,000014.SZ,7.85,7.9,7.74,7.77,7.95,-0.18,-2.2642,14190.0,11049.624
2021-05-18,000014.SZ,7.76,7.84,7.63,7.75,7.77,-0.02,-0.2574,17714.07,13658.945
2021-05-19,000014.SZ,7.71,7.76,7.65,7.75,7.75,0.0,0.0,12705.45,9786.59
2021-05-20,000014.SZ,7.74,7.74,7.63,7.67,7.75,-0.08,-1.0323,11710.84,8984.774
2021-05-21,000014.SZ,7.7,7.73,7.64,7.72,7.67,0.05,0.6519,6503.0,5007.893
2021-05-24,000014.SZ,7.75,7.83,7.69,7.78,7.72,0.06,0.7772,8178.01,6346.061
2021-05-25,000014.SZ,7.74,7.83,7.74,7.82,7.78,0.04,0.5141,14499.0,11287.181
2021-05-26,000014.SZ,7.84,7.88,7.77,7.84,7.82,0.02,0.2558,12159.1,9529.622
2021-05-27,000014.SZ,7.86,7.92,7.79,7.9,7.84,0.06,0.7653,15045.67,11833.78
2021-05-28,000014.SZ,7.84,8.05,7.84,7.97,7.9,0.07,0.8861,20754.0,16522.057
2021-05-31,000014.SZ,7.95,8.08,7.87,7.98,7.97,0.01,0.1255,15561.15,12355.413
2021-06-01,000014.SZ,7.97,8.0,7.9,7.99,7.98,0.01,0.1253,11320.01,9008.769
2021-06-02,000014.SZ,7.94,8.09,7.94,7.94,7.99,-0.05,-0.6258,23183.28,18581.826
2021-06-03,000014.SZ,7.9,8.15,7.9,8.05,7.94,0.11,1.3854,26649.18,21430.931
2021-06-04,000014.SZ,7.99,8.1,7.9,7.93,8.05,-0.12,-1.4907,16382.44,13035.463
2021-06-07,000014.SZ,7.9,7.97,7.87,7.92,7.93,-0.01,-0.1261,12426.01,9849.872
2021-06-08,000014.SZ,7.92,8.1,7.85,7.98,7.92,0.06,0.7576,17031.0,13631.278
2021-06-09,000014.SZ,7.93,8.02,7.91,8.0,7.98,0.02,0.2506,10956.0,8734.487
2021-06-10,000014.SZ,8.0,8.02,7.91,7.92,8.0,-0.08,-1.0,11970.01,9512.179
2021-06-11,000014.SZ,7.94,7.99,7.88,7.88,7.91,-0.03,-0.3793,14461.0,11447.317
2021-06-15,000014.SZ,7.87,7.87,7.65,7.7,7.88,-0.18,-2.2843,16481.0,12722.429
2021-06-16,000014.SZ,7.72,7.79,7.63,7.7,7.7,0.0,0.0,9549.0,7358.603
2021-06-17,000014.SZ,7.71,7.72,7.66,7.67,7.7,-0.03,-0.3896,7478.01,5746.401
2021-06-18,000014.SZ,7.71,7.84,7.64,7.8,7.67,0.13,1.6949,14414.0,11140.554
2021-06-21,000014.SZ,7.8,7.85,7.74,7.76,7.8,-0.04,-0.5128,8517.0,6618.533
2021-06-22,000014.SZ,7.8,7.8,7.71,7.76,7.76,0.0,0.0,8951.01,6939.419
2021-06-23,000014.SZ,7.7,7.96,7.7,7.85,7.76,0.09,1.1598,18095.01,14163.982
2021-06-24,000014.SZ,7.89,7.89,7.75,7.75,7.85,-0.1,-1.2739,8910.01,6945.105
2021-06-25,000014.SZ,7.87,7.92,7.74,7.85,7.75,0.1,1.2903,14198.26,11112.987
2021-06-28,000014.SZ,7.91,7.91,7.75,7.81,7.85,-0.04,-0.5096,10361.0,8096.373
2021-06-29,000014.SZ,7.81,7.85,7.78,7.78,7.81,-0.03,-0.3841,10361.77,8089.221
2021-06-30,000014.SZ,7.81,7.82,7.7,7.75,7.78,-0.03,-0.3856,8391.0,6517.446
2021-07-01,000014.SZ,7.82,7.87,7.71,7.75,7.75,0.0,0.0,14801.26,11532.911
2021-07-02,000014.SZ,7.79,7.8,7.67,7.68,7.75,-0.07,-0.9032,9366.0,7225.485
2021-07-05,000014.SZ,7.68,7.76,7.63,7.7,7.68,0.02,0.2604,11219.01,8638.087
2021-07-06,000014.SZ,7.71,7.8,7.7,7.75,7.7,0.05,0.6494,10182.0,7881.359
2021-07-07,000014.SZ,7.67,7.77,7.6,7.69,7.75,-0.06,-0.7742,12998.86,10004.018
2021-07-08,000014.SZ,7.67,7.73,7.62,7.63,7.69,-0.06,-0.7802,10229.0,7830.363
2021-07-09,000014.SZ,7.57,7.63,7.55,7.59,7.63,-0.04,-0.5242,15567.0,11807.306
2021-07-12,000014.SZ,7.6,7.67,7.6,7.65,7.59,0.06,0.7905,11904.0,9101.692
2021-07-13,000014.SZ,7.65,7.72,7.63,7.68,7.65,0.03,0.3922,9749.01,7484.133
2021-07-14,000014.SZ,7.69,7.96,7.6,7.82,7.68,0.14,1.8229,33727.0,26201.512
2021-07-15,000014.SZ,7.77,8.0,7.6,7.68,7.82,-0.14,-1.7903,23577.0,18255.623
2021-07-16,000014.SZ,7.68,7.68,7.61,7.61,7.68,-0.07,-0.9115,10363.0,7906.197
2021-07-19,000014.SZ,7.57,7.64,7.38,7.42,7.61,-0.19,-2.4967,24704.0,18392.575
2021-07-20,000014.SZ,7.39,7.59,7.35,7.51,7.42,0.09,1.2129,9512.0,7142.728
2021-07-21,000014.SZ,7.53,7.57,7.49,7.51,7.51,0.0,0.0,5411.0,4072.885
2021-07-22,000014.SZ,7.45,7.59,7.44,7.5,7.51,-0.01,-0.1332,12843.28,9622.409
2021-07-23,000014.SZ,7.47,7.47,7.3,7.36,7.5,-0.14,-1.8667,17016.02,12548.262
2021-07-26,000014.SZ,7.37,7.41,7.01,7.11,7.36,-0.25,-3.3967,19792.38,14169.036
2021-07-27,000014.SZ,7.13,7.17,7.01,7.03,7.11,-0.08,-1.1252,13552.02,9563.98
2021-07-28,000014.SZ,7.01,7.01,6.73,6.84,7.03,-0.19,-2.7027,10250.02,7014.608
2021-07-29,000014.SZ,6.84,6.94,6.71,6.83,6.84,-0.01,-0.1462,10627.28,7269.708
2021-07-30,000014.SZ,6.83,6.83,6.63,6.74,6.83,-0.09,-1.3177,12271.25,8229.561
2021-08-02,000014.SZ,6.74,6.94,6.66,6.86,6.74,0.12,1.7804,11193.37,7633.13
2021-08-03,000014.SZ,6.83,7.04,6.76,6.94,6.86,0.08,1.1662,11997.1,8304.297
2021-08-04,000014.SZ,6.97,6.97,6.87,6.91,6.94,-0.03,-0.4323,8668.91,5988.572
2021-08-05,000014.SZ,7.22,7.24,6.93,6.93,6.91,0.02,0.2894,12354.0,8730.032
2021-08-06,000014.SZ,6.9,6.9,6.8,6.84,6.93,-0.09,-1.2987,6884.15,4702.599
2021-08-09,000014.SZ,6.77,7.07,6.77,6.99,6.84,0.15,2.193,15231.0,10646.492
2021-08-10,000014.SZ,6.98,7.05,6.96,6.99,6.99,0.0,0.0,11101.2,7777.136
2021-08-11,000014.SZ,7.07,7.21,7.0,7.09,6.99,0.1,1.4306,18070.34,12890.584
2021-08-12,000014.SZ,7.1,7.12,7.02,7.12,7.09,0.03,0.4231,12129.74,8561.245
2021-08-13,000014.SZ,7.1,7.15,7.02,7.15,7.12,0.03,0.4213,14714.05,10438.638
2021-08-16,000014.SZ,7.15,7.18,7.09,7.12,7.15,-0.03,-0.4196,13955.28,9949.832
2021-08-17,000014.SZ,7.08,7.12,6.94,6.95,7.12,-0.17,-2.3876,11984.28,8426.974
2021-08-18,000014.SZ,7.05,7.06,6.94,6.99,6.95,0.04,0.5755,10655.0,7435.584
2021-08-19,000014.SZ,6.9,7.01,6.9,6.95,6.99,-0.04,-0.5722,4889.0,3399.931
2021-08-20,000014.SZ,6.91,6.94,6.8,6.86,6.95,-0.09,-1.295,10355.0,7098.013
2021-08-23,000014.SZ,6.91,7.0,6.88,6.98,6.86,0.12,1.7493,12253.02,8518.199
2021-08-24,000014.SZ,6.95,7.1,6.93,7.1,6.98,0.12,1.7192,14496.53,10158.659
2021-08-25,000014.SZ,7.06,7.15,7.01,7.01,7.1,-0.09,-1.2676,27955.0,19793.313
2021-08-26,000014.SZ,7.01,7.12,7.01,7.03,7.01,0.02,0.2853,14495.22,10222.944
2021-08-27,000014.SZ,7.05,7.05,6.91,6.93,7.03,-0.1,-1.4225,12907.03,8971.805
2021-08-30,000014.SZ,6.93,7.04,6.82,6.98,6.93,0.05,0.7215,15454.02,10678.829
2021-08-31,000014.SZ,6.96,7.12,6.91,7.07,6.98,0.09,1.2894,21332.05,15045.006
2021-09-01,000014.SZ,7.07,7.4,6.99,7.28,7.07,0.21,2.9703,39689.59,28622.308
2021-09-02,000014.SZ,7.22,7.29,7.14,7.18,7.28,-0.1,-1.3736,14173.44,10206.41
2021-09-03,000014.SZ,7.18,7.33,7.18,7.3,7.18,0.12,1.6713,18078.79,13133.446
2021-09-06,000014.SZ,7.35,7.6,7.23,7.48,7.3,0.18,2.4658,28879.03,21375.166
2021-09-07,000014.SZ,7.6,7.96,7.6,7.7,7.48,0.22,2.9412,57848.6,44861.986
2021-09-08,000014.SZ,7.6,7.63,7.45,7.47,7.7,-0.23,-2.987,36690.19,27545.662
2021-09-09,000014.SZ,7.46,7.58,7.38,7.42,7.47,-0.05,-0.6693,20224.28,15037.782
2021-09-10,000014.SZ,7.42,7.45,7.32,7.38,7.42,-0.04,-0.5391,16082.0,11870.032
2021-09-13,000014.SZ,7.38,7.48,7.32,7.44,7.38,0.06,0.813,13350.0,9891.975
2021-09-14,000014.SZ,7.44,7.47,7.32,7.44,7.44,0.0,0.0,15350.5,11332.969
2021-09-15,000014.SZ,7.43,7.5,7.3,7.5,7.44,0.06,0.8065,12449.55,9243.566
2021-09-16,000014.SZ,7.49,7.64,7.46,7.58,7.5,0.08,1.0667,38248.68,28896.716
2021-09-17,000014.SZ,7.61,7.8,7.32,7.4,7.58,-0.18,-2.3747,24274.02,18155.529
2021-09-22,000014.SZ,7.24,7.52,7.13,7.52,7.4,0.12,1.6216,18850.03,13835.73
2021-09-23,000014.SZ,7.47,7.7,7.42,7.56,7.52,0.04,0.5319,36981.01,27918.638
2021-09-24,000014.SZ,7.55,7.64,7.5,7.52,7.56,-0.04,-0.5291,19580.69,14828.972
2021-09-27,000014.SZ,7.52,7.52,7.27,7.37,7.52,-0.15,-1.9947,13726.0,10140.934
2021-09-28,000014.SZ,7.39,7.47,7.18,7.18,7.37,-0.19,-2.578,14605.34,10684.638
2021-09-29,000014.SZ,7.18,7.19,6.99,7.01,7.18,-0.17,-2.3677,15279.0,10800.21
2021-09-30,000014.SZ,7.0,7.22,6.98,7.16,7.01,0.15,2.1398,16271.02,11615.759
2021-10-08,000014.SZ,7.32,7.45,7.24,7.42,7.16,0.26,3.6313,17710.01,12999.326
2021-10-11,000014.SZ,7.42,7.5,7.35,7.41,7.42,-0.01,-0.1348,7558.0,5611.754
2021-10-12,000014.SZ,7.34,7.41,7.13,7.19,7.41,-0.22,-2.969,15554.33,11251.342
2021-10-13,000014.SZ,7.2,7.25,7.04,7.11,7.19,-0.08,-1.1127,15150.5,10780.838
2021-10-14,000014.SZ,7.11,7.17,7.01,7.09,7.11,-0.02,-0.2813,13055.0,9246.353
2021-10-15,000014.SZ,7.09,7.18,7.02,7.07,7.09,-0.02,-0.2821,18839.0,13345.228
2021-10-18,000014.SZ,7.03,7.28,7.01,7.06,7.07,-0.01,-0.1414,11768.0,8306.972
2021-10-19,000014.SZ,7.15,7.15,7.01,7.07,7.06,0.01,0.1416,8166.0,5766.781
2021-10-20,000014.SZ,7.06,7.08,6.94,6.98,7.07,-0.09,-1.273,14293.23,9996.826
2021-10-21,000014.SZ,7.0,7.18,6.94,6.96,6.98,-0.02,-0.2865,17990.0,12646.569
2021-10-22,000014.SZ,7.0,7.15,6.97,7.03,6.96,0.07,1.0057,9843.01,6945.132
2021-10-25,000014.SZ,6.96,7.0,6.84,6.92,7.03,-0.11,-1.5647,12659.01,8747.749
2021-10-26,000014.SZ,6.97,6.97,6.85,6.91,6.92,-0.01,-0.1445,7982.0,5502.0
2021-10-27,000014.SZ,6.88,6.88,6.75,6.76,6.91,-0.15,-2.1708,9012.0,6123.247
2021-10-28,000014.SZ,6.76,6.88,6.76,6.78,6.76,0.02,0.2959,6057.79,4130.711
2021-10-29,000014.SZ,6.8,7.05,6.79,7.01,6.78,0.23,3.3923,11879.51,8255.522
2021-11-01,000014.SZ,7.01,7.01,6.85,6.94,7.01,-0.07,-0.9986,10913.0,7538.245
2021-11-02,000014.SZ,6.87,6.93,6.77,6.82,6.94,-0.12,-1.7291,7883.0,5393.41
2021-11-03,000014.SZ,6.8,6.94,6.8,6.89,6.82,0.07,1.0264,9426.01,6494.186
2021-11-04,000014.SZ,6.93,6.95,6.82,6.92,6.89,0.03,0.4354,6671.51,4586.637
2021-11-05,000014.SZ,6.93,6.94,6.82,6.9,6.92,-0.02,-0.289,7355.0,5074.884
2021-11-08,000014.SZ,6.89,6.99,6.89,6.98,6.9,0.08,1.1594,7168.7,4990.491
2021-11-09,000014.SZ,6.93,7.03,6.91,7.01,6.98,0.03,0.4298,8929.92,6243.387
2021-11-10,000014.SZ,6.96,7.06,6.95,7.04,7.01,0.03,0.428,11356.01,7954.592
2021-11-11,000014.SZ,7.06,7.27,7.06,7.17,7.04,0.13,1.8466,19719.25,14156.74
2021-11-12,000014.SZ,7.15,7.24,7.04,7.16,7.17,-0.01,-0.1395,16202.0,11563.576
2021-11-15,000014.SZ,7.17,7.25,7.12,7.23,7.16,0.07,0.9777,15562.8,11198.993
2021-11-16,000014.SZ,7.23,7.31,7.13,7.17,7.23,-0.06,-0.8299,10218.79,7392.472
2021-11-17,000014.SZ,7.17,7.27,7.15,7.25,7.17,0.08,1.1158,9046.24,6535.623
2021-11-18,000014.SZ,7.26,7.31,7.15,7.16,7.25,-0.09,-1.2414,8145.02,5872.531
2021-11-19,000014.SZ,7.12,7.25,7.1,7.22,7.16,0.06,0.838,8833.24,6346.745
2021-11-22,000014.SZ,7.27,7.27,7.09,7.15,7.22,-0.07,-0.9695,10736.0,7663.234
2021-11-23,000014.SZ,7.14,7.2,7.12,7.15,7.15,0.0,0.0,8505.0,6089.505
2021-11-24,000014.SZ,7.18,7.21,7.13,7.14,7.15,-0.01,-0.1399,8833.02,6325.206
2021-11-25,000014.SZ,7.14,7.35,7.11,7.35,7.14,0.21,2.9412,21210.01,15368.177
2021-11-26,000014.SZ,7.36,7.42,7.22,7.42,7.35,0.07,0.9524,20818.0,15217.321
2021-11-29,000014.SZ,7.42,7.42,7.18,7.18,7.42,-0.24,-3.2345,35614.0,25951.449
2021-11-30,000014.SZ,7.16,7.28,7.15,7.18,7.18,0.0,0.0,13945.01,10024.737
2021-12-01,000014.SZ,7.16,7.24,7.16,7.2,7.18,0.02,0.2786,13121.01,9444.981
2021-12-02,000014.SZ,7.2,7.25,7.18,7.21,7.2,0.01,0.1389,9166.01,6611.207
2021-12-03,000014.SZ,7.22,7.37,7.18,7.37,7.21,0.16,2.2191,19764.48,14406.572
2021-12-06,000014.SZ,7.37,7.48,7.26,7.26,7.37,-0.11,-1.4925,29228.0,21476.26
2021-12-07,000014.SZ,7.26,7.38,7.13,7.16,7.26,-0.1,-1.3774,25902.01,18743.806
2021-12-08,000014.SZ,7.17,7.23,7.1,7.19,7.16,0.03,0.419,8107.0,5814.774
2021-12-09,000014.SZ,7.19,7.28,7.16,7.25,7.19,0.06,0.8345,9406.0,6794.926
2021-12-10,000014.SZ,7.22,7.35,7.21,7.33,7.25,0.08,1.1034,10293.6,7519.417
2021-12-13,000014.SZ,7.33,7.55,7.29,7.44,7.33,0.11,1.5007,27729.1,20542.201
2021-12-14,000014.SZ,7.54,7.54,7.35,7.41,7.44,-0.03,-0.4032,23059.28,17022.371
2021-12-15,000014.SZ,7.5,7.62,7.42,7.57,7.41,0.16,2.1592,41949.0,31677.112
2021-12-16,000014.SZ,7.53,7.72,7.51,7.62,7.57,0.05,0.6605,24636.0,18729.829
2021-12-17,000014.SZ,7.62,7.69,7.56,7.66,7.62,0.04,0.5249,13880.02,10607.873
2021-12-20,000014.SZ,7.68,8.18,7.61,7.86,7.66,0.2,2.611,79355.21,62792.512
2021-12-21,000014.SZ,8.0,8.65,7.91,8.65,7.86,0.79,10.0509,208734.85,174347.963
2021-12-22,000014.SZ,8.66,8.7,7.92,8.05,8.65,-0.6,-6.9364,177262.67,144988.364
2021-12-23,000014.SZ,7.68,7.97,7.66,7.78,8.05,-0.27,-3.354,85387.36,66530.062
2021-12-24,000014.SZ,7.8,7.83,7.58,7.63,7.78,-0.15,-1.928,43709.57,33507.035
2021-12-27,000014.SZ,7.63,7.76,7.6,7.63,7.63,0.0,0.0,33383.0,25572.743
2021-12-28,000014.SZ,7.63,7.67,7.54,7.58,7.63,-0.05,-0.6553,17868.22,13557.567
2021-12-29,000014.SZ,7.57,7.65,7.45,7.57,7.58,-0.01,-0.1319,24295.22,18424.344
2021-12-30,000014.SZ,7.52,7.62,7.52,7.57,7.57,0.0,0.0,21820.01,16507.584
2021-12-31,000014.SZ,7.57,8.1,7.55,7.92,7.57,0.35,4.6235,79409.0,62436.95
2022-01-04,000014.SZ,7.78,8.3,7.77,8.18,7.92,0.26,3.2828,92614.91,74688.13
2022-01-05,000014.SZ,8.17,8.27,8.03,8.19,8.18,0.01,0.1222,60592.01,49357.39
2022-01-06,000014.SZ,8.13,8.45,8.13,8.34,8.19,0.15,1.8315,64770.1,53922.357
2022-01-07,000014.SZ,8.35,8.5,8.18,8.24,8.34,-0.1,-1.199,47175.47,39418.827
2022-01-10,000014.SZ,8.12,8.55,8.08,8.49,8.24,0.25,3.034,59828.61,49494.124
2022-01-11,000014.SZ,8.38,9.16,8.36,8.81,8.49,0.32,3.7691,156222.56,136622.185
2022-01-12,000014.SZ,8.66,9.37,8.41,8.68,8.81,-0.13,-1.4756,89439.01,77951.958
2022-01-13,000014.SZ,8.69,9.1,8.64,8.8,8.68,0.12,1.3825,73714.0,65283.328
2022-01-14,000014.SZ,8.73,8.95,8.55,8.73,8.8,-0.07,-0.7955,75462.09,65971.43
2022-01-17,000014.SZ,8.77,8.77,8.39,8.5,8.73,-0.23,-2.6346,60165.0,51545.207
2022-01-18,000014.SZ,8.48,8.63,8.18,8.26,8.5,-0.24,-2.8235,62148.47,52126.114
2022-01-19,000014.SZ,8.31,8.9,8.2,8.4,8.26,0.14,1.6949,69692.47,59457.621
2022-01-20,000014.SZ,8.42,8.54,7.94,7.99,8.4,-0.41,-4.881,67662.0,55152.099
2022-01-21,000014.SZ,8.03,8.31,7.96,8.22,7.99,0.23,2.8786,41598.0,33853.95
2022-01-24,000014.SZ,8.22,8.31,8.05,8.07,8.22,-0.15,-1.8248,25746.0,20920.567
2022-01-25,000014.SZ,8.07,8.15,7.74,7.74,8.07,-0.33,-4.0892,27671.01,21940.269
2022-01-26,000014.SZ,7.74,8.1,7.71,7.87,7.74,0.13,1.6796,28950.0,22736.792
2022-01-27,000014.SZ,8.0,8.35,7.68,7.75,7.87,-0.12,-1.5248,66411.84,52533.35
2022-01-28,000014.SZ,7.68,8.24,7.68,8.13,7.75,0.38,4.9032,61921.51,49852.094
2022-02-07,000014.SZ,8.15,8.31,7.95,8.19,8.13,0.06,0.738,36363.0,29701.251
2022-02-08,000014.SZ,8.26,8.53,8.09,8.48,8.19,0.29,3.5409,47165.79,39749.684
2022-02-09,000014.SZ,8.46,8.58,8.38,8.45,8.48,-0.03,-0.3538,33949.0,28699.5
2022-02-10,000014.SZ,8.38,8.7,8.32,8.41,8.45,-0.04,-0.4734,21354.0,17966.725
2022-02-11,000014.SZ,8.43,8.54,8.27,8.31,8.41,-0.1,-1.1891,41198.0,34521.185
2022-02-14,000014.SZ,8.2,8.46,8.16,8.4,8.31,0.09,1.083,44594.0,37226.95
2022-02-15,000014.SZ,8.46,9.24,8.31,9.24,8.4,0.84,10.0,192145.3,172738.007
2022-02-16,000014.SZ,9.36,9.63,8.88,9.2,9.24,-0.04,-0.4329,254223.33,234151.657
2022-02-17,000014.SZ,9.25,9.27,8.6,8.65,9.2,-0.55,-5.9783,137235.03,122082.649
2022-02-18,000014.SZ,8.63,9.03,8.42,8.83,8.65,0.18,2.0809,101564.5,89646.274
2022-02-21,000014.SZ,8.89,9.0,8.69,8.9,8.83,0.07,0.7928,80990.02,71650.532
2022-02-22,000014.SZ,8.88,9.2,8.74,9.05,8.9,0.15,1.6854,98224.95,88680.236
2022-02-23,000014.SZ,9.03,9.11,8.85,8.9,9.05,-0.15,-1.6575,68952.31,61756.087
2022-02-24,000014.SZ,8.9,9.15,8.62,8.73,8.9,-0.17,-1.9101,73039.42,65012.985
2022-02-25,000014.SZ,8.95,9.06,8.76,8.91,8.73,0.18,2.0619,46970.32,41822.389
2022-02-28,000014.SZ,8.91,8.91,8.61,8.66,8.91,-0.25,-2.8058,40033.38,34899.657
2022-03-01,000014.SZ,8.7,8.82,8.5,8.77,8.66,0.11,1.2702,33649.0,29301.638
2022-03-02,000014.SZ,8.77,8.99,8.7,8.92,8.77,0.15,1.7104,40983.84,36449.391
2022-03-03,000014.SZ,8.91,9.1,8.86,8.88,8.92,-0.04,-0.4484,38077.0,34125.433
2022-03-04,000014.SZ,8.83,8.88,8.65,8.8,8.88,-0.08,-0.9009,41805.65,36677.347
2022-03-07,000014.SZ,8.78,9.0,8.7,8.9,8.8,0.1,1.1364,50421.01,44739.337
2022-03-08,000014.SZ,8.89,8.9,8.45,8.57,8.9,-0.33,-3.7079,52306.54,45044.271
2022-03-09,000014.SZ,8.56,8.64,7.99,8.39,8.57,-0.18,-2.1004,48251.16,40268.496
2022-03-10,000014.SZ,8.46,8.81,8.39,8.58,8.39,0.19,2.2646,40292.54,34638.569
2022-03-11,000014.SZ,8.41,9.1,8.41,8.98,8.58,0.4,4.662,92317.69,81944.392
2022-03-14,000014.SZ,8.89,9.19,8.82,8.85,8.98,-0.13,-1.4477,69280.76,62388.016
2022-03-15,000014.SZ,8.84,8.95,8.18,8.18,8.85,-0.67,-7.5706,72672.0,62629.7
2022-03-16,000014.SZ,8.36,8.56,8.1,8.51,8.18,0.33,4.0342,57749.81,48433.699
2022-03-17,000014.SZ,8.88,9.1,8.75,8.88,8.51,0.37,4.3478,94470.45,84121.066
2022-03-18,000014.SZ,8.9,9.26,8.63,9.15,8.88,0.27,3.0405,95570.93,85977.175
2022-03-21,000014.SZ,9.2,9.65,9.15,9.55,9.15,0.4,4.3716,127461.76,120830.482
2022-03-22,000014.SZ,9.4,9.76,9.3,9.67,9.55,0.12,1.2565,94876.46,90891.079
2022-03-23,000014.SZ,9.59,10.05,9.4,9.75,9.67,0.08,0.8273,112104.13,108644.205
2022-03-24,000014.SZ,9.55,10.09,9.51,9.72,9.75,-0.03,-0.3077,95912.14,94694.686
2022-03-25,000014.SZ,9.73,9.88,9.45,9.65,9.72,-0.07,-0.7202,87090.66,83907.244
2022-03-28,000014.SZ,9.63,9.99,9.45,9.85,9.65,0.2,2.0725,86282.44,84456.667
2022-03-29,000014.SZ,9.86,10.55,9.61,10.1,9.85,0.25,2.5381,168023.11,169241.279
2022-03-30,000014.SZ,10.15,11.11,10.14,11.11,10.1,1.01,10.0,319096.57,345292.603
2022-03-31,000014.SZ,12.22,12.22,11.74,12.22,11.11,1.11,9.991,142554.16,173648.666
2022-04-01,000014.SZ,13.0,13.44,12.51,13.44,12.22,1.22,9.9836,338415.23,450438.747
2022-04-06,000014.SZ,14.5,14.78,14.28,14.78,13.44,1.34,9.9702,109174.7,159762.403
2022-04-07,000014.SZ,13.38,14.6,13.3,13.3,14.78,-1.48,-10.0135,581488.72,793772.806
2022-04-08,000014.SZ,12.07,13.38,11.97,12.13,13.3,-1.17,-8.797,510972.72,630688.414
2022-04-11,000014.SZ,11.51,11.66,10.92,10.92,12.13,-1.21,-9.9753,276459.82,305408.712
2022-04-12,000014.SZ,10.52,11.33,10.42,10.8,10.92,-0.12,-1.0989,296191.0,323734.03
2022-04-13,000014.SZ,10.94,11.3,10.8,11.09,10.8,0.29,2.6852,261144.83,289090.328
2022-04-14,000014.SZ,10.75,11.6,10.75,11.33,11.09,0.24,2.1641,285871.21,319935.965
2022-04-15,000014.SZ,11.05,11.44,10.57,10.91,11.33,-0.42,-3.707,236711.01,261628.202
2022-04-18,000014.SZ,10.48,11.15,10.21,10.67,10.91,-0.24,-2.1998,187535.25,201857.791
2022-04-19,000014.SZ,10.69,11.05,10.28,11.05,10.67,0.38,3.5614,180900.79,194511.646
2022-04-20,000014.SZ,11.1,11.29,10.41,10.82,11.05,-0.23,-2.0814,203695.16,220563.31
2022-04-21,000014.SZ,10.81,10.81,9.74,9.74,10.82,-1.08,-9.9815,164615.67,164535.485
2022-04-22,000014.SZ,9.36,10.04,9.2,9.83,9.74,0.09,0.924,142677.0,139046.096
2022-04-25,000014.SZ,9.7,10.43,9.27,9.34,9.83,-0.49,-4.9847,189668.47,186252.955
2022-04-26,000014.SZ,9.35,9.75,9.1,9.21,9.34,-0.13,-1.3919,158048.0,149445.619
2022-04-27,000014.SZ,8.9,10.13,8.75,9.74,9.21,0.53,5.7546,244126.15,236209.989
2022-04-28,000014.SZ,9.25,10.71,9.25,10.71,9.74,0.97,9.9589,323536.5,320709.083
2022-04-29,000014.SZ,11.0,11.78,10.6,11.78,10.71,1.07,9.9907,483728.32,535720.643
2022-05-05,000014.SZ,11.4,11.78,10.6,11.02,11.78,-0.76,-6.4516,442311.92,487177.021
2022-05-06,000014.SZ,10.42,11.28,10.3,10.6,11.02,-0.42,-3.8113,304260.51,325630.014
2022-05-09,000014.SZ,10.6,10.95,10.4,10.55,10.6,-0.05,-0.4717,235019.37,250244.949
2022-05-10,000014.SZ,10.3,11.17,10.24,11.11,10.55,0.56,5.3081,320429.06,347480.806
2022-05-11,000014.SZ,10.9,11.49,10.67,11.31,11.11,0.2,1.8002,370908.93,411569.949
2022-05-12,000014.SZ,11.18,11.23,10.55,10.77,11.31,-0.54,-4.7745,248005.81,269917.459
2022-05-13,000014.SZ,10.55,11.85,10.32,11.85,10.77,1.08,10.0279,371563.76,416242.441
2022-05-16,000014.SZ,12.3,13.01,11.67,11.7,11.85,-0.15,-1.2658,575722.22,711023.951
2022-05-17,000014.SZ,11.11,11.55,10.89,11.01,11.7,-0.69,-5.8974,320785.52,355605.549
2022-05-18,000014.SZ,10.71,11.48,10.71,11.19,11.01,0.18,1.6349,264491.28,294591.167
2022-05-19,000014.SZ,10.89,11.95,10.85,11.74,11.19,0.55,4.9151,310014.0,360854.314
2022-05-20,000014.SZ,11.65,11.99,11.37,11.44,11.74,-0.3,-2.5554,202589.36,233912.479
2022-05-23,000014.SZ,11.56,11.66,11.14,11.22,11.44,-0.22,-1.9231,132897.28,150728.021
2022-05-24,000014.SZ,11.2,11.32,10.7,11.04,11.22,-0.18,-1.6043,179413.0,197706.991
2022-05-25,000014.SZ,10.96,11.19,10.75,11.04,11.04,0.0,0.0,119704.0,132059.259
2022-05-26,000014.SZ,11.14,11.35,10.72,10.75,11.04,-0.29,-2.6268,150824.0,165806.824
2022-05-27,000014.SZ,8.8,9.3,8.59,9.1,8.92,0.18,2.0179,208969.37,186638.985
2022-05-30,000014.SZ,8.91,9.09,8.74,8.82,9.1,-0.28,-3.0769,135730.0,120692.713
2022-05-31,000014.SZ,8.85,9.7,8.7,9.7,8.82,0.88,9.9773,220095.81,205182.112
2022-06-01,000014.SZ,9.52,10.36,9.33,9.74,9.7,0.04,0.4124,397571.39,386602.958
2022-06-02,000014.SZ,9.75,9.89,9.41,9.41,9.74,-0.33,-3.3881,222195.93,212644.716
2022-06-06,000014.SZ,9.38,9.53,9.12,9.21,9.41,-0.2,-2.1254,174830.0,161583.797
2022-06-07,000014.SZ,9.18,9.5,9.13,9.5,9.21,0.29,3.1488,216788.56,201985.775
2022-06-08,000014.SZ,9.36,9.38,8.97,9.13,9.5,-0.37,-3.8947,160482.73,147194.364
2022-06-09,000014.SZ,9.02,9.44,9.02,9.17,9.13,0.04,0.4381,168470.18,156364.761
2022-06-10,000014.SZ,9.06,9.31,8.96,9.13,9.17,-0.04,-0.4362,109120.0,99203.22
2022-06-13,000014.SZ,9.03,9.06,8.58,8.71,9.13,-0.42,-4.6002,162147.02,142314.383
2022-06-14,000014.SZ,8.58,8.86,8.43,8.78,8.71,0.07,0.8037,122335.92,106158.882
2022-06-15,000014.SZ,8.84,9.06,8.64,8.81,8.78,0.03,0.3417,149826.99,133343.587
2022-06-16,000014.SZ,8.79,8.87,8.63,8.84,8.81,0.03,0.3405,108596.8,94965.944
2022-06-17,000014.SZ,8.73,8.86,8.55,8.59,8.84,-0.25,-2.8281,99952.81,86484.497
2022-06-20,000014.SZ,8.54,8.94,8.48,8.79,8.59,0.2,2.3283,123178.41,107570.41
2022-06-21,000014.SZ,8.73,9.2,8.72,8.93,8.79,0.14,1.5927,206069.33,186152.955
2022-06-22,000014.SZ,8.87,8.91,8.64,8.66,8.93,-0.27,-3.0235,108410.58,94874.046
2022-06-23,000014.SZ,8.61,9.15,8.42,8.96,8.66,0.3,3.4642,178647.9,158406.329
2022-06-24,000014.SZ,8.85,9.05,8.82,8.97,8.96,0.01,0.1116,121380.54,108271.195
2022-06-27,000014.SZ,8.9,9.07,8.88,8.97,8.97,0.0,0.0,96687.46,86836.759
2022-06-28,000014.SZ,8.95,9.07,8.87,8.91,8.97,-0.06,-0.6689,112596.07,100999.6
2022-06-29,000014.SZ,8.85,9.36,8.85,9.36,8.91,0.45,5.0505,299281.05,275627.455
2022-06-30,000014.SZ,9.19,9.24,8.9,9.11,9.36,-0.25,-2.6709,214945.35,194781.29
2022-07-01,000014.SZ,9.08,9.22,8.88,8.94,9.11,-0.17,-1.8661,133119.46,119782.446
2022-07-04,000014.SZ,8.87,8.94,8.69,8.82,8.94,-0.12,-1.3423,115190.8,101198.088
2022-07-05,000014.SZ,8.8,8.87,8.62,8.71,8.82,-0.11,-1.2472,88649.6,77341.428
2022-07-06,000014.SZ,8.64,8.75,8.4,8.44,8.71,-0.27,-3.0999,88224.21,75155.186
2022-07-07,000014.SZ,8.43,8.7,8.41,8.57,8.44,0.13,1.5403,72699.01,62657.384
2022-07-08,000014.SZ,8.51,8.67,8.47,8.54,8.57,-0.03,-0.3501,52695.4,45161.939
2022-07-11,000014.SZ,8.55,8.55,8.35,8.38,8.54,-0.16,-1.8735,49176.41,41316.803
2022-07-12,000014.SZ,8.39,8.53,8.32,8.43,8.38,0.05,0.5967,48370.2,40723.485
2022-07-13,000014.SZ,8.4,8.68,8.4,8.56,8.43,0.13,1.5421,63473.61,54369.835
2022-07-14,000014.SZ,8.69,8.7,8.37,8.41,8.56,-0.15,-1.7523,71524.4,60513.451
2022-07-15,000014.SZ,8.34,8.4,7.8,7.82,8.41,-0.59,-7.0155,127691.49,102158.437
2022-07-18,000014.SZ,7.81,8.37,7.81,8.3,7.82,0.48,6.1381,127853.21,104141.049
2022-07-19,000014.SZ,8.3,8.33,8.11,8.3,8.3,0.0,0.0,55483.7,45728.741
2022-07-20,000014.SZ,8.36,8.36,8.2,8.25,8.3,-0.05,-0.6024,42409.91,34983.044
2022-07-21,000014.SZ,8.25,8.34,8.11,8.15,8.25,-0.1,-1.2121,45021.61,36772.647
2022-07-22,000014.SZ,8.15,8.3,8.11,8.26,8.15,0.11,1.3497,66622.4,54778.7
2022-07-25,000014.SZ,8.22,8.52,8.22,8.27,8.26,0.01,0.1211,64908.2,54310.631
2022-07-26,000014.SZ,8.26,8.66,8.22,8.57,8.27,0.3,3.6276,118016.71,100119.86
2022-07-27,000014.SZ,8.53,8.65,8.39,8.41,8.57,-0.16,-1.867,68997.14,58431.882
2022-07-28,000014.SZ,8.41,8.54,8.35,8.47,8.41,0.06,0.7134,57996.2,48903.718
2022-07-29,000014.SZ,8.58,8.65,8.38,8.52,8.47,0.05,0.5903,69939.6,59645.655
2022-08-01,000014.SZ,8.39,8.46,8.2,8.27,8.52,-0.25,-2.9343,61403.73,50859.064
2022-08-02,000014.SZ,8.25,8.25,7.73,7.86,8.27,-0.41,-4.9577,73119.05,57739.54
2022-08-03,000014.SZ,7.78,8.05,7.75,7.79,7.86,-0.07,-0.8906,47731.8,37608.743
2022-08-04,000014.SZ,7.8,7.92,7.65,7.88,7.79,0.09,1.1553,41839.2,32589.788
2022-08-05,000014.SZ,7.83,7.92,7.78,7.9,7.88,0.02,0.2538,38688.4,30380.511
2022-08-08,000014.SZ,7.92,8.11,7.9,7.95,7.9,0.05,0.6329,52422.2,41767.196
2022-08-09,000014.SZ,7.91,8.13,7.85,7.97,7.95,0.02,0.2516,85079.6,67947.554
2022-08-10,000014.SZ,7.95,8.0,7.87,7.98,7.97,0.01,0.1255,62246.0,49472.483
2022-08-11,000014.SZ,7.97,8.12,7.97,8.05,7.98,0.07,0.8772,54301.63,43600.641
2022-08-12,000014.SZ,8.06,8.18,7.97,8.14,8.05,0.09,1.118,60430.4,48996.036
2022-08-15,000014.SZ,8.11,8.19,8.04,8.08,8.14,-0.06,-0.7371,45156.73,36524.499
2022-08-16,000014.SZ,8.09,8.3,8.05,8.27,8.08,0.19,2.3515,71255.39,58644.869
2022-08-17,000014.SZ,8.24,8.34,8.19,8.32,8.27,0.05,0.6046,56868.62,47088.612
2022-08-18,000014.SZ,8.3,8.42,8.24,8.3,8.32,-0.02,-0.2404,50605.33,42021.849
2022-08-19,000014.SZ,8.3,8.5,8.3,8.49,8.3,0.19,2.2892,79793.63,67385.013
2022-08-22,000014.SZ,8.5,8.53,8.32,8.45,8.49,-0.04,-0.4711,63806.23,53683.868
2022-08-23,000014.SZ,8.47,8.61,8.39,8.55,8.45,0.1,1.1834,66960.02,57098.841
2022-08-24,000014.SZ,8.52,8.61,8.33,8.33,8.55,-0.22,-2.5731,56122.4,47416.889
2022-08-25,000014.SZ,8.38,8.52,8.24,8.35,8.33,0.02,0.2401,49531.01,41370.699
2022-08-26,000014.SZ,8.35,8.41,8.23,8.26,8.35,-0.09,-1.0778,46929.85,38951.966
2022-08-29,000014.SZ,8.18,8.32,8.05,8.31,8.26,0.05,0.6053,48793.83,40145.729
2022-08-30,000014.SZ,8.36,8.51,8.3,8.38,8.31,0.07,0.8424,56936.46,47785.38
2022-08-31,000014.SZ,8.34,8.49,8.22,8.22,8.38,-0.16,-1.9093,58045.8,48456.15
2022-09-01,000014.SZ,8.2,9.04,8.19,9.04,8.22,0.82,9.9757,183787.02,160035.489
2022-09-02,000014.SZ,9.24,9.24,8.66,8.86,9.04,-0.18,-1.9912,333134.96,293203.718
2022-09-05,000014.SZ,8.8,9.01,8.61,8.92,8.86,0.06,0.6772,244801.14,216313.454
2022-09-06,000014.SZ,8.93,9.81,8.9,9.27,8.92,0.35,3.9238,463103.94,435255.13
2022-09-07,000014.SZ,9.12,9.59,8.7,9.42,9.27,0.15,1.6181,373604.59,339429.077
2022-09-08,000014.SZ,9.19,9.28,8.93,9.11,9.42,-0.31,-3.2909,227891.02,207034.459
2022-09-09,000014.SZ,9.12,9.58,9.05,9.41,9.11,0.3,3.2931,324493.52,304155.232
2022-09-13,000014.SZ,9.23,9.31,8.95,9.04,9.41,-0.37,-3.932,210936.35,192412.032
2022-09-14,000014.SZ,8.83,9.94,8.81,9.94,9.04,0.9,9.9558,567489.79,553801.653
2022-09-15,000014.SZ,9.91,10.93,9.6,10.93,9.94,0.99,9.9598,731306.47,749989.358
2022-09-16,000014.SZ,10.32,10.59,9.84,9.84,10.93,-1.09,-9.9726,529837.67,538277.738
2022-09-19,000014.SZ,9.1,10.32,9.08,9.97,9.84,0.13,1.3211,429164.01,413932.477
2022-09-20,000014.SZ,9.87,10.24,9.51,9.58,9.97,-0.39,-3.9117,361604.63,354070.935
2022-09-21,000014.SZ,9.33,9.84,9.16,9.65,9.58,0.07,0.7307,294355.77,281346.662
2022-09-22,000014.SZ,9.5,9.75,9.37,9.48,9.65,-0.17,-1.7617,217864.4,206709.0
2022-09-23,000014.SZ,9.42,9.73,8.74,8.88,9.48,-0.6,-6.3291,288434.72,269605.834
2022-09-26,000014.SZ,8.88,9.47,8.88,9.0,8.88,0.12,1.3514,247677.5,225997.913
2022-09-27,000014.SZ,9.0,9.09,8.38,8.84,9.0,-0.16,-1.7778,258980.01,224647.051
2022-09-28,000014.SZ,8.71,8.79,8.25,8.27,8.84,-0.57,-6.448,189248.95,160588.079
2022-09-29,000014.SZ,8.34,8.44,8.05,8.07,8.27,-0.2,-2.4184,148328.8,121319.797
2022-09-30,000014.SZ,8.22,8.48,8.07,8.26,8.07,0.19,2.3544,185028.28,152765.954
2022-10-10,000014.SZ,8.33,8.61,8.24,8.33,8.26,0.07,0.8475,196436.84,165312.395
2022-10-11,000014.SZ,8.21,8.24,7.96,8.01,8.33,-0.32,-3.8415,142637.58,114779.814
2022-10-12,000014.SZ,7.99,8.3,7.83,8.27,8.01,0.26,3.2459,147047.02,118790.824
2022-10-13,000014.SZ,8.11,8.27,8.03,8.16,8.27,-0.11,-1.3301,129914.97,105590.054
2022-10-14,000014.SZ,8.24,8.38,8.17,8.32,8.16,0.16,1.9608,140219.74,116323.838
2022-10-17,000014.SZ,8.18,8.52,8.09,8.44,8.32,0.12,1.4423,146101.92,122132.621
2022-10-18,000014.SZ,8.45,8.58,8.31,8.37,8.44,-0.07,-0.8294,124594.61,105000.818
2022-10-19,000014.SZ,8.32,8.5,8.3,8.38,8.37,0.01,0.1195,122095.56,102412.389
2022-10-20,000014.SZ,8.35,8.35,8.14,8.17,8.38,-0.21,-2.506,99854.18,82110.446
2022-10-21,000014.SZ,8.35,8.43,8.13,8.17,8.17,0.0,0.0,108082.6,89630.435
2022-10-24,000014.SZ,8.17,8.19,7.73,7.74,8.17,-0.43,-5.2632,135515.03,107413.638
2022-10-25,000014.SZ,7.7,7.78,7.5,7.61,7.74,-0.13,-1.6796,93269.61,70964.714
2022-10-26,000014.SZ,7.69,7.75,7.59,7.71,7.61,0.1,1.3141,67739.4,52011.732
2022-10-27,000014.SZ,7.71,7.96,7.65,7.91,7.71,0.2,2.594,97268.39,76298.214
2022-10-28,000014.SZ,7.9,7.95,7.53,7.57,7.91,-0.34,-4.2984,90958.81,69948.907
2022-10-31,000014.SZ,7.7,7.89,7.48,7.79,7.57,0.22,2.9062,120915.6,93896.266
2022-11-01,000014.SZ,7.99,8.11,7.89,8.02,7.79,0.23,2.9525,134019.46,107226.869
2022-11-02,000014.SZ,7.88,8.25,7.88,8.15,8.02,0.13,1.6209,129447.05,104789.292
2022-11-03,000014.SZ,8.08,8.21,8.05,8.09,8.15,-0.06,-0.7362,84355.18,68413.276
2022-11-04,000014.SZ,8.11,8.27,8.08,8.24,8.09,0.15,1.8541,90727.58,74497.611
2022-11-07,000014.SZ,8.21,8.4,8.16,8.39,8.24,0.15,1.8204,90457.84,75187.584
2022-11-08,000014.SZ,8.4,8.47,8.29,8.39,8.39,0.0,0.0,69643.53,58443.15
2022-11-09,000014.SZ,8.44,8.67,8.41,8.42,8.39,0.03,0.3576,106445.94,90819.221
2022-11-10,000014.SZ,8.35,8.52,8.29,8.45,8.42,0.03,0.3563,83352.6,70256.368
2022-11-11,000014.SZ,8.61,9.3,8.58,9.2,8.45,0.75,8.8757,341164.38,307671.786
2022-11-14,000014.SZ,9.5,9.5,8.97,9.07,9.2,-0.13,-1.413,375261.25,344246.156
2022-11-15,000014.SZ,9.22,9.38,9.06,9.22,9.07,0.15,1.6538,249822.31,230229.812
2022-11-16,000014.SZ,9.14,9.27,8.96,9.03,9.22,-0.19,-2.0607,148334.79,134448.294
2022-11-17,000014.SZ,9.02,9.17,8.86,9.05,9.03,0.02,0.2215,105190.19,95076.642
2022-11-18,000014.SZ,9.05,9.47,8.93,9.13,9.05,0.08,0.884,180420.69,165370.274
2022-11-21,000014.SZ,9.08,9.08,8.85,9.04,9.13,-0.09,-0.9858,114432.57,102393.712
2022-11-22,000014.SZ,9.22,9.29,8.96,9.0,9.04,-0.04,-0.4425,120880.4,110142.351
2022-11-23,000014.SZ,9.01,9.29,8.99,9.15,9.0,0.15,1.6667,185479.83,170020.52
2022-11-24,000014.SZ,9.64,10.07,9.45,9.54,9.15,0.39,4.2623,488303.7,478204.303
2022-11-25,000014.SZ,9.5,10.38,9.5,9.96,9.54,0.42,4.4025,465668.3,464275.171
2022-11-28,000014.SZ,9.53,9.88,9.33,9.63,9.96,-0.33,-3.3133,279791.95,269654.051
2022-11-29,000014.SZ,10.59,10.59,10.03,10.59,9.63,0.96,9.9688,533784.94,556456.303
2022-11-30,000014.SZ,10.93,11.65,10.93,11.1,10.59,0.51,4.8159,758930.67,869429.868
2022-12-01,000014.SZ,10.8,10.96,10.26,10.84,11.1,-0.26,-2.3423,565716.99,599664.704
2022-12-02,000014.SZ,10.33,10.36,9.9,10.11,10.84,-0.73,-6.7343,377118.69,381955.853
2022-12-05,000014.SZ,10.4,11.12,10.38,11.12,10.11,1.01,9.9901,526787.85,580477.009
2022-12-06,000014.SZ,10.8,11.05,10.05,10.31,11.12,-0.81,-7.2842,547916.51,572645.113
2022-12-07,000014.SZ,9.98,10.2,9.9,10.07,10.31,-0.24,-2.3278,250417.75,250995.298
2022-12-08,000014.SZ,9.98,10.26,9.93,9.98,10.07,-0.09,-0.8937,288438.69,291155.242
2022-12-09,000014.SZ,9.99,10.44,9.99,10.29,9.98,0.31,3.1062,329406.96,337145.908
2022-12-12,000014.SZ,10.13,10.23,9.98,10.09,10.29,-0.2,-1.9436,183596.44,185647.825
2022-12-13,000014.SZ,9.95,10.39,9.86,10.26,10.09,0.17,1.6848,220554.33,224416.309
2022-12-14,000014.SZ,10.1,10.13,9.87,9.98,10.26,-0.28,-2.729,150787.5,150347.447
2022-12-15,000014.SZ,9.95,10.18,9.64,10.18,9.98,0.2,2.004,157421.13,156563.216
2022-12-16,000014.SZ,10.24,10.55,10.0,10.28,10.18,0.1,0.9823,272173.85,280252.035
2022-12-19,000014.SZ,10.25,10.73,10.11,10.69,10.28,0.41,3.9883,283286.54,295031.653
2022-12-20,000014.SZ,10.29,10.29,9.62,9.62,10.69,-1.07,-10.0094,228695.4,224507.566
2022-12-21,000014.SZ,9.39,10.04,9.39,9.78,9.62,0.16,1.6632,156866.23,153706.311
2022-12-22,000014.SZ,10.02,10.28,9.9,9.95,9.78,0.17,1.7382,206240.9,208000.163
2022-12-23,000014.SZ,9.88,10.38,9.88,10.3,9.95,0.35,3.5176,215050.42,220154.99
2022-12-26,000014.SZ,10.03,10.36,9.84,10.25,10.3,-0.05,-0.4854,177888.4,180566.205
2022-12-27,000014.SZ,10.26,10.7,10.22,10.43,10.25,0.18,1.7561,237242.67,249513.468
2022-12-28,000014.SZ,10.3,10.85,10.19,10.66,10.43,0.23,2.2052,272413.37,289592.159
2022-12-29,000014.SZ,10.5,10.51,10.1,10.14,10.66,-0.52,-4.878,189312.38,193614.491
2022-12-30,000014.SZ,10.19,10.29,10.04,10.19,10.14,0.05,0.4931,117145.17,119298.613
2023-01-03,000014.SZ,10.11,10.34,9.94,10.32,10.19,0.13,1.2758,142713.61,145592.302
2023-01-04,000014.SZ,10.31,10.65,10.15,10.48,10.32,0.16,1.5504,206509.4,216570.253
2023-01-05,000014.SZ,10.56,10.64,10.33,10.43,10.48,-0.05,-0.4771,138327.4,144403.593
2023-01-06,000014.SZ,10.54,10.72,10.1,10.16,10.43,-0.27,-2.5887,159263.3,164058.308
2023-01-09,000014.SZ,10.06,10.15,9.99,10.01,10.16,-0.15,-1.4764,101634.13,102176.859
2023-01-10,000014.SZ,10.01,10.03,9.73,9.78,10.01,-0.23,-2.2977,106070.93,104184.384
2023-01-11,000014.SZ,9.88,9.98,9.72,9.76,9.78,-0.02,-0.2045,94551.41,93240.879
2023-01-12,000014.SZ,9.7,9.76,9.55,9.65,9.76,-0.11,-1.127,75767.66,73074.743
2023-01-13,000014.SZ,9.65,9.71,9.58,9.69,9.65,0.04,0.4145,57318.21,55266.344
2023-01-16,000014.SZ,9.74,9.75,9.63,9.65,9.69,-0.04,-0.4128,63974.2,62010.074
2023-01-17,000014.SZ,9.64,9.75,9.55,9.58,9.65,-0.07,-0.7254,60115.2,57880.939
2023-01-18,000014.SZ,9.59,9.7,9.59,9.61,9.58,0.03,0.3132,38127.38,36758.933
2023-01-19,000014.SZ,9.86,10.57,9.7,10.19,9.61,0.58,6.0354,228338.96,231115.127
2023-01-20,000014.SZ,10.17,10.42,10.08,10.23,10.19,0.04,0.3925,176510.68,179800.885
2023-01-30,000014.SZ,10.32,10.56,10.23,10.37,10.23,0.14,1.3685,166405.4,172919.644
2023-01-31,000014.SZ,10.37,10.99,10.26,10.8,10.37,0.43,4.1466,214328.88,227548.293
2023-02-01,000014.SZ,10.65,10.77,10.5,10.73,10.8,-0.07,-0.6481,158621.85,168457.081
2023-02-02,000014.SZ,10.67,11.11,10.52,10.95,10.73,0.22,2.0503,214198.73,232291.526
2023-02-03,000014.SZ,10.9,10.92,10.6,10.72,10.95,-0.23,-2.1005,115919.0,124148.34
2023-02-06,000014.SZ,10.57,10.66,10.48,10.54,10.72,-0.18,-1.6791,80542.01,84986.956
2023-02-07,000014.SZ,10.55,10.74,10.53,10.58,10.54,0.04,0.3795,96891.39,102933.667
2023-02-08,000014.SZ,10.52,10.67,10.39,10.4,10.58,-0.18,-1.7013,78340.17,82189.596
2023-02-09,000014.SZ,10.4,10.46,10.32,10.43,10.4,0.03,0.2885,80548.19,83707.644
2023-02-10,000014.SZ,10.36,10.53,10.36,10.5,10.43,0.07,0.6711,73606.8,77004.158
2023-02-13,000014.SZ,10.44,10.63,10.23,10.6,10.5,0.1,0.9524,95836.2,100527.809
2023-02-14,000014.SZ,10.6,10.72,10.43,10.48,10.6,-0.12,-1.1321,73023.82,77039.551
2023-02-15,000014.SZ,10.42,10.48,10.32,10.37,10.48,-0.11,-1.0496,63449.4,65756.296
2023-02-16,000014.SZ,10.36,10.46,9.96,10.06,10.37,-0.31,-2.9894,91651.01,93970.555
2023-02-17,000014.SZ,10.06,10.27,10.02,10.08,10.06,0.02,0.1988,60276.53,61130.671
2023-02-20,000014.SZ,10.05,10.21,9.97,10.19,10.08,0.11,1.0913,55464.6,56064.563
2023-02-21,000014.SZ,10.32,10.5,10.13,10.33,10.19,0.14,1.3739,143786.2,148222.241
2023-02-22,000014.SZ,10.25,10.31,10.15,10.28,10.33,-0.05,-0.484,56907.74,58266.537
2023-02-23,000014.SZ,10.33,10.4,10.21,10.29,10.28,0.01,0.0973,69683.47,71724.435
2023-02-24,000014.SZ,10.27,10.32,10.05,10.14,10.29,-0.15,-1.4577,52500.18,53283.847
2023-02-27,000014.SZ,10.21,10.21,10.02,10.04,10.14,-0.1,-0.9862,41894.2,42289.518
2023-02-28,000014.SZ,10.07,10.25,10.03,10.17,10.04,0.13,1.2948,39441.4,39847.23
2023-03-01,000014.SZ,10.12,10.26,10.1,10.18,10.17,0.01,0.0983,45368.3,46119.907
2023-03-02,000014.SZ,10.18,10.18,10.05,10.09,10.18,-0.09,-0.8841,43552.4,43986.055
2023-03-03,000014.SZ,10.09,10.22,10.04,10.17,10.09,0.08,0.7929,60511.87,61428.903
2023-03-06,000014.SZ,10.12,10.15,9.83,10.07,10.17,-0.1,-0.9833,54304.29,54379.394
2023-03-07,000014.SZ,10.09,10.09,9.86,9.88,10.07,-0.19,-1.8868,43844.4,43690.101
2023-03-08,000014.SZ,9.82,9.94,9.79,9.9,9.88,0.02,0.2024,30243.4,29817.807
2023-03-09,000014.SZ,9.9,9.94,9.76,9.8,9.9,-0.1,-1.0101,25807.8,25360.03
2023-03-10,000014.SZ,9.75,9.83,9.61,9.7,9.8,-0.1,-1.0204,42179.6,40886.271
2023-03-13,000014.SZ,9.61,9.68,9.52,9.64,9.7,-0.06,-0.6186,39748.8,38135.571
2023-03-14,000014.SZ,9.66,9.68,9.42,9.47,9.64,-0.17,-1.7635,30103.4,28696.069
2023-03-15,000014.SZ,9.53,9.75,9.51,9.74,9.47,0.27,2.8511,45988.25,44486.685
2023-03-16,000014.SZ,9.66,9.69,9.49,9.58,9.74,-0.16,-1.6427,32746.21,31402.633
2023-03-17,000014.SZ,9.56,9.7,9.52,9.66,9.58,0.08,0.8351,37727.8,36325.43
2023-03-20,000014.SZ,9.6,9.7,9.55,9.61,9.66,-0.05,-0.5176,39538.56,38042.749
2023-03-21,000014.SZ,9.61,9.7,9.55,9.7,9.61,0.09,0.9365,32914.96,31712.282
2023-03-22,000014.SZ,9.69,9.82,9.66,9.82,9.7,0.12,1.2371,44582.6,43539.862
2023-03-23,000014.SZ,9.82,9.85,9.66,9.72,9.82,-0.1,-1.0183,40146.62,39016.259
2023-03-24,000014.SZ,9.71,9.93,9.65,9.9,9.72,0.18,1.8519,55500.8,54550.081
2023-03-27,000014.SZ,9.86,9.9,9.67,9.78,9.9,-0.12,-1.2121,47026.0,45802.41
2023-03-28,000014.SZ,9.78,9.85,9.69,9.76,9.78,-0.02,-0.2045,32909.8,32144.23
2023-03-29,000014.SZ,9.74,9.75,9.5,9.57,9.76,-0.19,-1.9467,36042.0,34602.611
2023-03-30,000014.SZ,9.52,9.57,9.37,9.5,9.57,-0.07,-0.7315,44678.42,42284.503
2023-03-31,000014.SZ,9.51,9.59,9.39,9.42,9.5,-0.08,-0.8421,44127.69,41779.081
2023-04-03,000014.SZ,9.3,9.47,9.26,9.44,9.42,0.02,0.2123,36272.01,34166.01
2023-04-04,000014.SZ,9.49,9.5,9.18,9.22,9.44,-0.22,-2.3305,40600.02,37756.471
2023-04-06,000014.SZ,9.18,9.25,9.06,9.15,9.22,-0.07,-0.7592,26672.0,24412.061
2023-04-07,000014.SZ,9.2,9.84,9.15,9.75,9.15,0.6,6.5574,116768.04,112176.783
2023-04-10,000014.SZ,9.67,9.69,9.43,9.47,9.75,-0.28,-2.8718,75831.23,72297.397
2023-04-11,000014.SZ,9.41,9.59,9.3,9.58,9.47,0.11,1.1616,38805.2,36789.703
2023-04-12,000014.SZ,9.55,9.69,9.51,9.68,9.58,0.1,1.0438,38482.21,36959.245
2023-04-13,000014.SZ,9.6,9.78,9.58,9.7,9.68,0.02,0.2066,38274.0,37119.127
2023-04-14,000014.SZ,9.7,9.78,9.63,9.72,9.7,0.02,0.2062,29715.0,28858.467
2023-04-17,000014.SZ,9.73,9.73,9.54,9.6,9.72,-0.12,-1.2346,28910.2,27725.228
2023-04-18,000014.SZ,9.63,9.66,9.47,9.47,9.6,-0.13,-1.3542,31760.6,30251.449
2023-04-19,000014.SZ,9.45,9.48,9.32,9.37,9.47,-0.1,-1.056,30347.21,28472.991
2023-04-20,000014.SZ,9.36,9.37,9.15,9.21,9.37,-0.16,-1.7076,30032.2,27666.888
2023-04-21,000014.SZ,9.29,9.77,9.2,9.22,9.21,0.01,0.1086,71346.4,67463.244
2023-04-24,000014.SZ,9.12,9.18,8.88,9.08,9.22,-0.14,-1.5184,50902.6,46061.979
2023-04-25,000014.SZ,9.08,9.13,8.65,8.81,9.08,-0.27,-2.9736,46669.4,41164.508
2023-04-26,000014.SZ,8.8,8.85,8.69,8.81,8.81,0.0,0.0,30115.4,26448.998
2023-04-27,000014.SZ,8.77,8.88,8.68,8.83,8.81,0.02,0.227,23372.61,20607.486
2023-04-28,000014.SZ,9.71,9.71,9.71,9.71,8.83,0.88,9.966,68031.0,66058.101
2023-05-04,000014.SZ,9.98,10.37,9.81,10.14,9.71,0.43,4.4284,274789.4,277777.006
2023-05-05,000014.SZ,10.18,10.97,10.1,10.84,10.14,0.7,6.9034,311770.41,329256.532
2023-05-08,000014.SZ,10.44,10.84,10.36,10.76,10.84,-0.08,-0.738,194924.61,207598.886
2023-05-09,000014.SZ,10.69,11.19,10.57,10.65,10.76,-0.11,-1.0223,155284.56,167338.522
2023-05-10,000014.SZ,10.6,10.8,10.42,10.58,10.65,-0.07,-0.6573,112595.2,119116.571
2023-05-11,000014.SZ,10.62,10.78,10.58,10.63,10.58,0.05,0.4726,78204.0,83489.516
2023-05-12,000014.SZ,10.64,11.1,10.6,10.69,10.63,0.06,0.5644,107999.4,116872.971
2023-05-15,000014.SZ,10.64,10.78,10.45,10.77,10.69,0.08,0.7484,79848.6,84906.301
2023-05-16,000014.SZ,10.65,10.91,10.65,10.78,10.77,0.01,0.0929,60268.8,65020.528
2023-05-17,000014.SZ,10.85,11.09,10.72,10.93,10.78,0.15,1.3915,86142.6,94184.64
2023-05-18,000014.SZ,10.9,11.18,10.8,11.04,10.93,0.11,1.0064,93498.63,102956.922
2023-05-19,000014.SZ,10.8,10.91,10.58,10.6,11.04,-0.44,-3.9855,108621.4,116019.466
2023-05-22,000014.SZ,10.64,10.67,10.38,10.47,10.6,-0.13,-1.2264,65589.59,68571.009
2023-05-23,000014.SZ,10.49,10.59,10.28,10.28,10.47,-0.19,-1.8147,43013.6,44809.917
2023-05-24,000014.SZ,10.29,10.34,10.1,10.13,10.28,-0.15,-1.4591,41487.0,42238.814
2023-05-25,000014.SZ,10.14,10.22,10.02,10.12,10.13,-0.01,-0.0987,42917.4,43394.494
2023-05-26,000014.SZ,10.1,10.21,9.92,10.14,10.12,0.02,0.1976,39924.62,40164.007
2023-05-29,000014.SZ,10.09,10.15,9.9,9.97,10.14,-0.17,-1.6765,39641.8,39559.289
2023-05-30,000014.SZ,9.89,10.05,9.79,10.04,9.97,0.07,0.7021,36289.6,35979.51
2023-05-31,000014.SZ,9.96,10.12,9.91,10.02,10.04,-0.02,-0.1992,39750.23,39728.525
2023-06-01,000014.SZ,9.95,10.08,9.85,10.01,10.02,-0.01,-0.0998,38704.02,38613.418
2023-06-02,000014.SZ,9.95,10.53,9.95,10.32,9.89,0.43,4.3478,138335.32,141687.455
2023-06-05,000014.SZ,10.18,10.49,10.04,10.43,10.32,0.11,1.0659,95461.57,98286.964
2023-06-06,000014.SZ,10.45,11.47,10.36,11.47,10.43,1.04,9.9712,272624.45,306164.152
2023-06-07,000014.SZ,11.46,12.37,11.27,11.6,11.47,0.13,1.1334,517506.73,607830.166
2023-06-08,000014.SZ,11.43,12.76,11.43,12.36,11.6,0.76,6.5517,650171.62,794077.994
2023-06-09,000014.SZ,11.78,12.07,11.61,11.82,12.36,-0.54,-4.3689,460066.87,543846.376
2023-06-12,000014.SZ,11.51,12.17,11.34,12.08,11.82,0.26,2.1997,343251.11,406211.269
2023-06-13,000014.SZ,12.25,12.7,11.88,12.27,12.08,0.19,1.5728,372085.16,455234.486
2023-06-14,000014.SZ,12.5,12.75,11.96,12.08,12.27,-0.19,-1.5485,285112.8,349308.261
2023-06-15,000014.SZ,12.08,12.39,12.0,12.18,12.08,0.1,0.8278,233093.86,283575.083
2023-06-16,000014.SZ,12.18,13.03,12.18,12.57,12.18,0.39,3.202,337583.23,423810.394
2023-06-19,000014.SZ,12.53,12.6,11.82,11.87,12.57,-0.7,-5.5688,301350.93,364372.943
2023-06-20,000014.SZ,11.99,12.03,11.51,11.57,11.87,-0.3,-2.5274,207425.05,242383.313
2023-06-21,000014.SZ,11.52,11.66,11.19,11.21,11.57,-0.36,-3.1115,143210.6,163042.509
2023-06-26,000014.SZ,11.2,11.26,10.65,10.87,11.21,-0.34,-3.033,109797.01,120661.238
2023-06-27,000014.SZ,10.92,11.82,10.88,11.67,10.87,0.8,7.3597,221594.81,252928.774
2023-06-28,000014.SZ,11.61,11.65,11.24,11.53,11.67,-0.14,-1.1997,136866.4,156165.094
2023-06-29,000014.SZ,11.42,11.54,11.19,11.29,11.53,-0.24,-2.0815,114940.0,129982.663
2023-06-30,000014.SZ,11.38,11.84,11.24,11.44,11.29,0.15,1.3286,126200.86,145513.135
2023-07-03,000014.SZ,11.44,12.19,11.37,11.54,11.44,0.1,0.8741,186960.34,216461.15
2023-07-04,000014.SZ,11.42,11.48,11.2,11.31,11.54,-0.23,-1.9931,109223.0,123502.874
2023-07-05,000014.SZ,11.33,11.45,11.14,11.28,11.31,-0.03,-0.2653,87765.85,99407.581
2023-07-06,000014.SZ,11.21,11.62,11.11,11.51,11.28,0.23,2.039,122033.85,139563.933
2023-07-07,000014.SZ,11.48,11.83,11.38,11.61,11.51,0.1,0.8688,145933.06,169682.678
2023-07-10,000014.SZ,11.61,11.66,11.31,11.33,11.61,-0.28,-2.4117,86937.81,99101.038
2023-07-11,000014.SZ,11.51,11.9,11.36,11.5,11.33,0.17,1.5004,117372.5,135060.54
2023-07-12,000014.SZ,11.4,11.44,10.99,11.15,11.5,-0.35,-3.0435,125175.6,139217.364
2023-07-13,000014.SZ,12.0,12.27,11.82,12.27,11.15,1.12,10.0448,286002.66,348996.606
2023-07-14,000014.SZ,12.28,12.6,12.04,12.3,12.27,0.03,0.2445,375984.21,461782.449
2023-07-17,000014.SZ,12.18,12.26,11.96,12.1,12.3,-0.2,-1.626,170313.05,205806.606
2023-07-18,000014.SZ,12.08,12.34,11.94,12.18,12.1,0.08,0.6612,141981.0,172355.29
2023-07-19,000014.SZ,12.11,12.87,12.09,12.56,12.18,0.38,3.1199,297231.21,371379.994
2023-07-20,000014.SZ,12.55,13.16,12.43,12.82,12.56,0.26,2.0701,308377.21,393411.983
2023-07-21,000014.SZ,12.77,13.91,12.59,13.3,12.82,0.48,3.7441,381760.15,500940.129
2023-07-24,000014.SZ,13.8,14.0,12.83,12.89,13.3,-0.41,-3.0827,434186.83,576786.748
2023-07-25,000014.SZ,13.2,14.18,13.05,14.18,12.89,1.29,10.0078,511852.82,698602.21
2023-07-26,000014.SZ,14.33,15.6,14.18,14.75,14.18,0.57,4.0197,664510.08,1001422.237
2023-07-27,000014.SZ,14.31,15.19,13.84,14.19,14.75,-0.56,-3.7966,547295.29,786046.166
2023-07-28,000014.SZ,13.95,14.55,13.7,14.23,14.19,0.04,0.2819,442074.84,623780.513
2023-07-31,000014.SZ,14.48,15.4,14.45,14.67,14.23,0.44,3.0921,488025.8,727225.268
2023-08-01,000014.SZ,14.72,14.87,14.12,14.26,14.67,-0.41,-2.7948,340736.28,490083.841
2023-08-02,000014.SZ,13.96,14.92,13.96,14.54,14.26,0.28,1.9635,316370.76,461266.711
2023-08-03,000014.SZ,14.38,15.55,14.18,15.28,14.54,0.74,5.0894,446112.92,669658.27
2023-08-04,000014.SZ,15.28,15.28,14.51,14.57,15.28,-0.71,-4.6466,383218.45,567381.403
2023-08-07,000014.SZ,14.48,14.5,13.96,14.03,14.57,-0.54,-3.7062,260174.02,367116.14
2023-08-08,000014.SZ,14.04,14.24,13.77,13.81,14.03,-0.22,-1.5681,181308.15,253053.592
2023-08-09,000014.SZ,13.81,14.22,13.71,13.79,13.81,-0.02,-0.1448,171438.21,239197.81
2023-08-10,000014.SZ,13.8,14.24,13.71,14.0,13.79,0.21,1.5228,147800.84,206787.334
2023-08-11,000014.SZ,14.56,14.84,14.17,14.3,14.0,0.3,2.1429,324063.2,467544.245
2023-08-14,000014.SZ,13.88,13.91,13.4,13.72,14.3,-0.58,-4.0559,234701.1,320502.668
2023-08-15,000014.SZ,13.68,13.92,13.54,13.68,13.72,-0.04,-0.2915,148972.47,204425.262
2023-08-16,000014.SZ,13.51,14.42,13.4,14.06,13.68,0.38,2.7778,217053.36,303647.157
2023-08-17,000014.SZ,13.8,14.2,13.72,14.09,14.06,0.03,0.2134,132667.0,185045.21
2023-08-18,000014.SZ,14.1,14.3,13.61,13.61,14.09,-0.48,-3.4067,120966.61,168485.87
2023-08-21,000014.SZ,13.7,13.9,13.49,13.52,13.61,-0.09,-0.6613,113555.8,155582.222
2023-08-22,000014.SZ,13.48,13.68,13.4,13.59,13.52,0.07,0.5178,98297.54,132846.132
2023-08-23,000014.SZ,13.5,13.8,13.19,13.48,13.59,-0.11,-0.8094,104959.6,141614.948
2023-08-24,000014.SZ,13.52,13.67,13.2,13.47,13.48,-0.01,-0.0742,86073.6,115627.716
2023-08-25,000014.SZ,13.5,13.81,13.34,13.63,13.47,0.16,1.1878,148333.2,201343.542
2023-08-28,000014.SZ,14.75,14.99,13.82,14.45,13.63,0.82,6.0161,366919.15,535903.926
2023-08-29,000014.SZ,14.56,15.39,14.3,15.28,14.45,0.83,5.7439,364210.84,541048.963
2023-08-30,000014.SZ,15.3,15.85,15.18,15.31,15.28,0.03,0.1963,426274.55,655679.495
2023-08-31,000014.SZ,15.35,15.4,14.05,14.12,15.31,-1.19,-7.7727,358292.54,520834.751
2023-09-01,000014.SZ,14.37,14.43,13.64,13.76,14.12,-0.36,-2.5496,220400.4,308842.776
2023-09-04,000014.SZ,14.0,14.36,13.77,13.85,13.76,0.09,0.6541,182281.9,255771.219
2023-09-05,000014.SZ,13.87,13.92,13.19,13.27,13.85,-0.58,-4.1877,160975.4,215164.848
2023-09-06,000014.SZ,13.2,13.7,13.06,13.63,13.27,0.36,2.7129,171129.12,230249.64
2023-09-07,000014.SZ,13.5,13.8,13.42,13.42,13.63,-0.21,-1.5407,119980.94,163145.052
2023-09-08,000014.SZ,13.4,13.4,12.98,13.04,13.42,-0.38,-2.8316,130015.6,170436.272
2023-09-11,000014.SZ,12.98,13.07,12.7,12.87,13.04,-0.17,-1.3037,97565.27,125017.035
2023-09-12,000014.SZ,12.84,12.86,12.59,12.64,12.87,-0.23,-1.7871,91307.96,115697.675
2023-09-13,000014.SZ,12.63,12.76,12.56,12.62,12.64,-0.02,-0.1582,71253.6,90110.432
2023-09-14,000014.SZ,12.62,12.64,12.38,12.46,12.62,-0.16,-1.2678,70013.6,87376.584
2023-09-15,000014.SZ,12.55,12.6,12.36,12.42,12.46,-0.04,-0.321,59352.4,74093.997
2023-09-18,000014.SZ,12.36,12.43,12.26,12.35,12.42,-0.07,-0.5636,64008.4,79065.154
2023-09-19,000014.SZ,12.35,12.36,12.21,12.23,12.35,-0.12,-0.9717,47594.06,58392.249
2023-09-20,000014.SZ,12.18,12.41,12.15,12.27,12.23,0.04,0.3271,60839.2,74855.545
2023-09-21,000014.SZ,12.26,12.44,12.15,12.18,12.27,-0.09,-0.7335,58457.32,71855.438
2023-09-22,000014.SZ,12.13,12.44,12.08,12.42,12.18,0.24,1.9704,62188.41,76607.496
2023-09-25,000014.SZ,12.4,12.4,11.98,12.05,12.42,-0.37,-2.9791,96011.82,116038.227
2023-09-26,000014.SZ,12.03,12.13,11.99,12.04,12.05,-0.01,-0.083,46763.21,56397.428
2023-09-27,000014.SZ,12.01,12.08,11.9,11.91,12.04,-0.13,-1.0797,49922.6,59801.875
2023-09-28,000014.SZ,11.93,12.13,11.93,12.11,11.91,0.2,1.6793,52609.2,63410.385
2023-10-09,000014.SZ,12.13,12.13,11.6,11.75,12.11,-0.36,-2.9727,88095.15,103282.437
2023-10-10,000014.SZ,11.72,11.86,11.7,11.74,11.75,-0.01,-0.0851,47331.8,55736.653
2023-10-11,000014.SZ,11.76,11.8,11.6,11.67,11.74,-0.07,-0.5963,45170.6,52758.91
2023-10-12,000014.SZ,11.72,11.76,11.61,11.67,11.67,0.0,0.0,42520.8,49615.597
2023-10-13,000014.SZ,11.66,11.7,11.41,11.51,11.67,-0.16,-1.371,52815.2,60881.954
2023-10-16,000014.SZ,11.46,11.54,11.23,11.28,11.51,-0.23,-1.9983,51212.4,58076.658
2023-10-17,000014.SZ,11.33,11.36,11.1,11.22,11.28,-0.06,-0.5319,36800.74,41243.869
2023-10-18,000014.SZ,11.26,11.28,11.0,11.01,11.22,-0.21,-1.8717,45370.14,50303.837
2023-10-19,000014.SZ,11.01,11.2,10.91,11.03,11.01,0.02,0.1817,46196.23,51245.43
2023-10-20,000014.SZ,11.0,11.31,10.93,11.14,11.03,0.11,0.9973,74192.0,83027.291
2023-10-23,000014.SZ,11.03,11.13,10.83,10.92,11.14,-0.22,-1.9749,54193.79,59284.161
2023-10-24,000014.SZ,10.92,11.32,10.88,11.28,10.92,0.36,3.2967,66429.0,74374.42
2023-10-25,000014.SZ,11.36,11.47,11.21,11.25,11.28,-0.03,-0.266,49904.8,56391.673
2023-10-26,000014.SZ,11.22,11.22,11.0,11.13,11.25,-0.12,-1.0667,47772.83,52948.164
2023-10-27,000014.SZ,11.03,11.25,11.03,11.25,11.13,0.12,1.0782,56931.39,63581.471
2023-10-30,000014.SZ,11.22,11.36,10.98,11.34,11.25,0.09,0.8,84302.8,94342.352
2023-10-31,000014.SZ,11.28,11.33,10.97,11.17,11.34,-0.17,-1.4991,109281.19,121565.43
2023-11-01,000014.SZ,11.15,11.19,10.96,10.97,11.17,-0.2,-1.7905,82846.95,91410.251
2023-11-02,000014.SZ,10.95,11.04,10.8,10.9,10.97,-0.07,-0.6381,68323.66,74574.243
2023-11-03,000014.SZ,10.9,10.97,10.84,10.87,10.9,-0.03,-0.2752,50692.92,55210.61
2023-11-06,000014.SZ,10.9,11.39,10.9,11.3,10.87,0.43,3.9558,125866.01,141234.684
2023-11-07,000014.SZ,11.32,11.54,11.24,11.4,11.3,0.1,0.885,108651.56,123638.063
2023-11-08,000014.SZ,11.44,11.7,11.34,11.59,11.4,0.19,1.6667,105678.35,122023.618
2023-11-09,000014.SZ,11.68,11.77,11.38,11.5,11.59,-0.09,-0.7765,91323.0,105533.521
2023-11-10,000014.SZ,11.42,11.45,11.16,11.35,11.5,-0.15,-1.3043,60531.21,68331.464
2023-11-13,000014.SZ,11.33,11.45,11.21,11.35,11.35,0.0,0.0,50794.2,57491.093
2023-11-14,000014.SZ,11.33,11.58,11.28,11.58,11.35,0.23,2.0264,70234.0,80552.455
2023-11-15,000014.SZ,11.64,11.8,11.54,11.57,11.58,-0.01,-0.0864,89980.4,104989.273
2023-11-16,000014.SZ,11.59,11.71,11.41,11.64,11.57,0.07,0.605,72632.28,84140.58
2023-11-17,000014.SZ,11.65,11.65,11.46,11.63,11.64,-0.01,-0.0859,52363.08,60487.881
2023-11-20,000014.SZ,11.62,11.78,11.56,11.6,11.63,-0.03,-0.258,60395.2,70167.508
2023-11-21,000014.SZ,11.64,12.08,11.63,11.84,11.6,0.24,2.069,177103.32,211645.812
2023-11-22,000014.SZ,11.99,12.92,11.99,12.49,11.84,0.65,5.4899,349961.84,437939.623
2023-11-23,000014.SZ,12.05,12.5,11.87,12.35,12.49,-0.14,-1.1209,231440.18,281847.307
2023-11-24,000014.SZ,12.38,12.47,11.97,11.98,12.35,-0.37,-2.996,149639.4,182438.441
2023-11-27,000014.SZ,11.78,11.93,11.65,11.69,11.98,-0.29,-2.4207,121072.66,142316.865
2023-11-28,000014.SZ,11.71,11.75,11.56,11.62,11.69,-0.07,-0.5988,78571.63,91476.764
2023-11-29,000014.SZ,11.62,11.65,11.45,11.48,11.62,-0.14,-1.2048,76947.0,88722.99
2023-11-30,000014.SZ,11.48,11.59,11.4,11.52,11.48,0.04,0.3484,53801.8,61901.244
2023-12-01,000014.SZ,11.54,11.68,11.42,11.61,11.52,0.09,0.7813,56568.2,65553.16
2023-12-04,000014.SZ,11.63,11.64,11.36,11.43,11.61,-0.18,-1.5504,55188.01,63113.703
2023-12-05,000014.SZ,11.4,11.44,11.2,11.2,11.43,-0.23,-2.0122,49620.21,56136.05
2023-12-06,000014.SZ,11.19,11.52,11.19,11.48,11.2,0.28,2.5,60489.81,69066.102
2023-12-07,000014.SZ,11.47,11.74,11.36,11.6,11.48,0.12,1.0453,96364.36,111568.2
2023-12-08,000014.SZ,11.59,11.65,11.4,11.5,11.6,-0.1,-0.8621,99194.61,113852.779
2023-12-11,000014.SZ,11.48,11.58,11.19,11.53,11.5,0.03,0.2609,69326.4,79115.694
2023-12-12,000014.SZ,11.79,12.06,11.5,11.91,11.53,0.38,3.2958,222074.8,262187.718
2023-12-13,000014.SZ,11.73,11.88,11.61,11.68,11.91,-0.23,-1.9312,129591.4,152226.917
2023-12-14,000014.SZ,11.75,12.84,11.75,12.37,11.68,0.69,5.9075,301609.46,371326.079
2023-12-15,000014.SZ,12.39,12.58,12.17,12.26,12.37,-0.11,-0.8892,193796.35,238808.196
2023-12-18,000014.SZ,12.23,12.54,12.0,12.03,12.26,-0.23,-1.876,132367.8,162309.919
2023-12-19,000014.SZ,12.01,12.13,11.65,11.77,12.03,-0.26,-2.1613,103308.91,122485.057
2023-12-20,000014.SZ,11.78,11.88,11.46,11.48,11.77,-0.29,-2.4639,67766.3,78955.774
2023-12-21,000014.SZ,11.37,11.68,11.35,11.63,11.48,0.15,1.3066,67674.72,78103.703
2023-12-22,000014.SZ,11.62,11.64,11.31,11.36,11.63,-0.27,-2.3216,71031.71,80999.657
2023-12-25,000014.SZ,11.32,11.35,10.79,10.84,11.36,-0.52,-4.5775,93533.6,102278.276
2023-12-26,000014.SZ,10.81,10.87,10.55,10.64,10.84,-0.2,-1.845,58660.01,62477.297
2023-12-27,000014.SZ,10.64,10.87,10.64,10.78,10.64,0.14,1.3158,37113.4,39861.864
2023-12-28,000014.SZ,10.79,11.01,10.58,10.97,10.78,0.19,1.7625,59970.4,65250.481
2023-12-29,000014.SZ,11.0,11.08,10.91,11.01,10.97,0.04,0.3646,46842.91,51512.333
